observable,z,n,measurement,oof_prediction,residual
charge_radius,11,11,2.9852,3.051706,0.06650599999999995
charge_radius,11,12,2.9936,3.0313146,0.037714600000000154
charge_radius,11,13,2.9735,2.9912233,0.01772330000000011
charge_radius,11,14,2.9769,2.987834,0.010933999999999777
charge_radius,11,15,2.9928,2.9936786,0.0008786000000000627
charge_radius,11,16,3.0136,3.0437005,0.030100500000000086
charge_radius,11,17,3.04,3.0275097,-0.012490300000000065
charge_radius,11,18,3.0922,3.06008,-0.032119999999999926
charge_radius,11,19,3.118,3.066813,-0.051187000000000094
charge_radius,11,20,3.1704,3.0812993,-0.08910069999999992
charge_radius,12,12,3.057,3.0691006,0.012100600000000128
charge_radius,12,13,3.0284,3.0292745,0.0008745000000001113
charge_radius,12,14,3.0337,3.0295253,-0.004174700000000087
charge_radius,13,14,3.061,3.0742717,0.01327170000000022
charge_radius,14,14,3.1224,3.104994,-0.01740599999999981
charge_radius,14,15,3.1176,3.123693,0.006092999999999904
charge_radius,14,16,3.1336,3.160131,0.02653099999999986
charge_radius,15,16,3.1889,3.1963677,0.007467700000000299
charge_radius,16,16,3.2611,3.249778,-0.011321999999999832
charge_radius,16,18,3.2847,3.2830317,-0.001668299999999956
charge_radius,16,20,3.2985,3.319621,0.021120999999999945
charge_radius,17,18,3.3654,3.3323512,-0.03304879999999999
charge_radius,17,20,3.384,3.363673,-0.020326999999999984
charge_radius,18,14,3.3468,3.3115637,-0.035236299999999776
charge_radius,18,15,3.3438,3.3404179,-0.0033821000000000545
charge_radius,18,16,3.3654,3.366363,0.0009630000000000472
charge_radius,18,17,3.3636,3.3805265,0.01692650000000029
charge_radius,18,18,3.3905,3.405196,0.014696000000000264
charge_radius,18,19,3.3908,3.3965976,0.00579760000000018
charge_radius,18,20,3.4028,3.430253,0.02745299999999995
charge_radius,18,21,3.4093,3.418378,0.009078000000000142
charge_radius,18,22,3.4274,3.430305,0.0029050000000001575
charge_radius,18,23,3.4251,3.4197087,-0.005391299999999877
charge_radius,18,24,3.4414,3.4319205,-0.009479499999999863
charge_radius,18,25,3.4354,3.4258063,-0.009593699999999927
charge_radius,18,26,3.4454,3.4360979,-0.009302099999999758
charge_radius,18,28,3.4377,3.438886,0.0011860000000001314
charge_radius,19,19,3.4264,3.4308584,0.0044583999999998625
charge_radius,19,20,3.4349,3.4529774,0.018077400000000132
charge_radius,19,21,3.4381,3.4445398,0.0064397999999998845
charge_radius,19,22,3.4518,3.4566207,0.004820700000000233
charge_radius,19,23,3.4517,3.4392288,-0.012471200000000238
charge_radius,19,24,3.4556,3.4520783,-0.00352169999999985
charge_radius,19,25,3.4563,3.4453115,-0.01098850000000029
charge_radius,19,26,3.4605,3.4578247,-0.002675299999999936
charge_radius,19,27,3.4558,3.4466946,-0.009105400000000152
charge_radius,19,28,3.4534,3.4592023,0.005802300000000038
charge_radius,20,19,3.4595,3.4706502,0.011150200000000332
charge_radius,20,20,3.4776,3.481081,0.0034810000000002894
charge_radius,20,21,3.478,3.4840114,0.006011399999999778
charge_radius,20,22,3.5081,3.4939973,-0.014102700000000024
charge_radius,20,23,3.4954,3.4844086,-0.010991399999999985
charge_radius,20,24,3.5179,3.4926918,-0.025208200000000236
charge_radius,20,25,3.4944,3.4924397,-0.001960300000000359
charge_radius,20,26,3.4953,3.5034456,0.008145600000000197
charge_radius,20,27,3.4783,3.4977198,0.019419800000000098
charge_radius,20,28,3.4771,3.4973547,0.020254699999999737
charge_radius,20,30,3.5168,3.5294762,0.012676200000000026
charge_radius,21,21,3.5702,3.5339117,-0.03628829999999983
charge_radius,21,22,3.5575,3.56819,0.010689999999999866
charge_radius,21,23,3.5432,3.5566916,0.013491600000000048
charge_radius,21,24,3.5459,3.5658133,0.0199132999999998
charge_radius,21,25,3.5243,3.5642467,0.03994669999999978
charge_radius,22,22,3.6115,3.6029873,-0.008512699999999818
charge_radius,22,23,3.5939,3.5931008,-0.0007991999999998889
charge_radius,22,24,3.607,3.600819,-0.006181000000000214
charge_radius,22,25,3.5962,3.5975542,0.00135419999999975
charge_radius,22,26,3.5921,3.605987,0.013886999999999983
charge_radius,22,27,3.5733,3.599627,0.026326999999999767
charge_radius,22,28,3.5704,3.6060271,0.035627100000000134
charge_radius,23,28,3.6002,3.6170485,0.016848500000000044
charge_radius,24,26,3.6588,3.6463475,-0.012452499999999755
charge_radius,24,28,3.6452,3.646543,0.001342999999999872
charge_radius,24,29,3.6511,3.6576614,0.0065613999999998285
charge_radius,24,30,3.6885,3.6672382,-0.021261799999999997
charge_radius,25,25,3.712,3.664045,-0.04795499999999997
charge_radius,25,26,3.7026,3.6777284,-0.024871599999999994
charge_radius,25,27,3.6706,3.6679745,-0.0026254999999997253
charge_radius,25,28,3.6662,3.6700776,0.0038776000000000366
charge_radius,25,29,3.6834,3.6842206,0.0008206000000003932
charge_radius,25,30,3.7057,3.7072976,0.0015975999999997548
charge_radius,25,31,3.7146,3.6934874,-0.021112599999999926
charge_radius,26,28,3.6933,3.7138326,0.020532600000000123
charge_radius,26,30,3.7377,3.7392766,0.0015766000000003721
charge_radius,26,31,3.7532,3.7224164,-0.03078359999999991
charge_radius,26,32,3.7745,3.755528,-0.01897200000000021
charge_radius,27,32,3.7875,3.792515,0.00501499999999977
charge_radius,28,30,3.7757,3.8056734,0.029973399999999817
charge_radius,28,32,3.8118,3.8208385,0.00903849999999995
charge_radius,28,33,3.8225,3.818231,-0.004268999999999856
charge_radius,28,34,3.8399,3.8357284,-0.004171600000000275
charge_radius,28,36,3.8572,3.875622,0.018421999999999716
charge_radius,29,34,3.8823,3.8697588,-0.012541199999999808
charge_radius,29,36,3.9022,3.9223871,0.02018709999999979
charge_radius,30,34,3.9283,3.9116907,-0.01660930000000027
charge_radius,30,36,3.9491,3.9605846,0.011484599999999734
charge_radius,30,37,3.953,3.9539294,0.0009293999999999691
charge_radius,30,38,3.9658,3.964863,-0.0009370000000004097
charge_radius,30,40,3.9845,3.9851048,0.0006047999999996279
charge_radius,31,38,3.9973,3.9866722,-0.010627799999999965
charge_radius,31,40,4.0118,4.0101604,-0.0016395999999998523
charge_radius,32,38,4.0414,4.0374594,-0.003940599999999961
charge_radius,32,40,4.0576,4.056917,-0.0006829999999995451
charge_radius,32,41,4.0632,4.06573,0.0025300000000001432
charge_radius,32,42,4.0742,4.057425,-0.016774999999999984
charge_radius,32,44,4.0811,4.0553827,-0.025717300000000165
charge_radius,33,42,4.0968,4.0846405,-0.0121595000000001
charge_radius,34,40,4.07,4.1461673,0.07616729999999983
charge_radius,34,42,4.1395,4.1341076,-0.005392399999999853
charge_radius,34,43,4.1395,4.1296463,-0.009853699999999854
charge_radius,34,44,4.1406,4.1334023,-0.0071976999999998625
charge_radius,34,46,4.14,4.1308756,-0.009124399999999255
charge_radius,34,48,4.14,4.1231394,-0.016860599999999337
charge_radius,35,44,4.1629,4.1609473,-0.0019526999999994743
charge_radius,35,46,4.1599,4.159995,9.499999999995623e-05
charge_radius,36,36,4.1635,4.161351,-0.0021490000000001785
charge_radius,36,38,4.187,4.1634083,-0.023591699999999882
charge_radius,36,39,4.2097,4.1749763,-0.0347236999999998
charge_radius,36,40,4.202,4.1853657,-0.01663429999999977
charge_radius,36,41,4.2082,4.1958885,-0.01231150000000003
charge_radius,36,42,4.2038,4.195334,-0.008466000000000307
charge_radius,36,43,4.2034,4.191987,-0.011413000000000117
charge_radius,36,44,4.197,4.1957874,-0.001212599999999675
charge_radius,36,45,4.1952,4.191457,-0.003743000000000052
charge_radius,36,46,4.1919,4.1944084,0.002508399999999966
charge_radius,36,47,4.1871,4.1799626,-0.0071374000000004045
charge_radius,36,48,4.1884,4.1856093,-0.0027906999999993687
charge_radius,36,49,4.1846,4.185887,0.0012870000000004822
charge_radius,36,50,4.1835,4.1856165,0.0021164999999996326
charge_radius,36,51,4.1984,4.1962676,-0.0021324000000007004
charge_radius,36,52,4.2171,4.223605,0.006504999999999761
charge_radius,36,53,4.2286,4.2217283,-0.00687170000000048
charge_radius,36,54,4.2423,4.244892,0.0025919999999999277
charge_radius,36,55,4.2543,4.265088,0.010788000000000686
charge_radius,36,56,4.2724,4.2850533,0.0126533000000002
charge_radius,36,57,4.2794,4.301552,0.02215200000000017
charge_radius,36,58,4.3002,4.3176813,0.017481300000000033
charge_radius,36,59,4.3067,4.3237925,0.01709249999999951
charge_radius,36,60,4.3267,4.3625293,0.03582930000000051
charge_radius,37,39,4.2273,4.217112,-0.01018799999999942
charge_radius,37,40,4.2356,4.2121468,-0.02345319999999962
charge_radius,37,41,4.2385,4.228272,-0.01022800000000057
charge_radius,37,42,4.2284,4.228905,0.0005050000000004218
charge_radius,37,43,4.2271,4.2279034,0.0008033999999996766
charge_radius,37,44,4.2213,4.230667,0.009367000000000125
charge_radius,37,45,4.216,4.2225194,0.006519400000000175
charge_radius,37,46,4.2058,4.2245255,0.018725500000000395
charge_radius,37,47,4.1999,4.2085543,0.008654299999999893
charge_radius,37,48,4.2036,4.2184286,0.014828600000000414
charge_radius,37,49,4.2025,4.2143497,0.011849699999999963
charge_radius,37,50,4.1989,4.2157197,0.016819700000000104
charge_radius,37,51,4.217,4.2236805,0.006680500000000755
charge_radius,37,52,4.2391,4.2538743,0.014774300000000018
charge_radius,37,53,4.2554,4.254172,-0.001228000000000229
charge_radius,37,54,4.2723,4.273064,0.0007639999999993208
charge_radius,37,55,4.2903,4.2965775,0.006277499999999492
charge_radius,37,56,4.3048,4.309621,0.004820999999999742
charge_radius,37,57,4.3184,4.327835,0.009435000000000748
charge_radius,37,58,4.3391,4.3401403,0.001040299999999661
charge_radius,37,59,4.3501,4.352248,0.0021480000000000388
charge_radius,37,60,4.4231,4.3782334,-0.04486659999999976
charge_radius,37,61,4.4336,4.393477,-0.04012300000000035
charge_radius,38,39,4.2569,4.2208395,-0.03606049999999961
charge_radius,38,40,4.2561,4.2351675,-0.0209324999999998
charge_radius,38,41,4.2586,4.2494216,-0.009178400000000586
charge_radius,38,42,4.2562,4.2453237,-0.010876299999999617
charge_radius,38,43,4.2547,4.2482367,-0.006463300000000061
charge_radius,38,44,4.2478,4.2486706,0.0008705999999998326
charge_radius,38,45,4.2455,4.243792,-0.0017079999999998208
charge_radius,38,46,4.2394,4.243942,0.004541999999999824
charge_radius,38,47,4.2304,4.235922,0.005522000000000027
charge_radius,38,48,4.2307,4.247988,0.017288000000000636
charge_radius,38,49,4.2249,4.241682,0.016782000000000075
charge_radius,38,50,4.224,4.2421155,0.018115499999999507
charge_radius,38,51,4.2407,4.248284,0.007583999999999591
charge_radius,38,52,4.2611,4.2730365,0.011936500000000017
charge_radius,38,53,4.274,4.2735987,-0.00040130000000004884
charge_radius,38,54,4.2924,4.2978177,0.005417700000000636
charge_radius,38,55,4.3026,4.318531,0.01593100000000014
charge_radius,38,56,4.3191,4.335936,0.016836000000000517
charge_radius,38,57,4.3305,4.3523936,0.02189360000000029
charge_radius,38,58,4.3522,4.3646636,0.012463600000000241
charge_radius,38,59,4.3625,4.373943,0.01144299999999987
charge_radius,38,60,4.4377,4.406676,-0.031024000000000385
charge_radius,38,61,4.4495,4.4273186,-0.02218139999999913
charge_radius,38,62,4.464,4.4310207,-0.032979300000000045
charge_radius,39,47,4.2513,4.2518516,0.0005516000000005405
charge_radius,39,48,4.2498,4.2601757,0.010375699999999988
charge_radius,39,49,4.2441,4.254455,0.01035499999999967
charge_radius,39,50,4.243,4.248218,0.005217999999999279
charge_radius,39,51,4.2573,4.2636323,0.0063323000000004015
charge_radius,39,53,4.2887,4.293936,0.005236000000000018
charge_radius,39,54,4.3052,4.311122,0.005921999999999983
charge_radius,39,55,4.3142,4.334635,0.02043499999999998
charge_radius,39,56,4.3284,4.344938,0.01653799999999972
charge_radius,39,57,4.3402,4.363146,0.022946000000000133
charge_radius,39,58,4.358,4.378719,0.020719000000000598
charge_radius,39,59,4.3711,4.3891973,0.018097299999999983
charge_radius,39,60,4.4658,4.419957,-0.045842999999999634
charge_radius,39,61,4.4705,4.4340143,-0.036485700000000065
charge_radius,39,62,4.4863,4.445485,-0.04081500000000027
charge_radius,39,63,4.4911,4.4473586,-0.04374140000000004
charge_radius,40,47,4.2789,4.272441,-0.006459000000000437
charge_radius,40,48,4.2787,4.286361,0.007661000000000584
charge_radius,40,49,4.2706,4.2767997,0.006199699999999808
charge_radius,40,50,4.2694,4.276415,0.0070149999999999935
charge_radius,40,51,4.2845,4.283824,-0.000676000000000343
charge_radius,40,52,4.3057,4.3146996,0.008999600000000108
charge_radius,40,54,4.332,4.3385234,0.006523399999999846
charge_radius,40,56,4.3512,4.3772106,0.02601059999999933
charge_radius,40,57,4.3792,4.393267,0.01406699999999983
charge_radius,40,58,4.4012,4.3998365,-0.001363500000000073
charge_radius,40,59,4.4156,4.415924,0.00032399999999999096
charge_radius,40,60,4.4891,4.45117,-0.03792999999999935
charge_radius,40,61,4.5119,4.4656982,-0.046201799999999515
charge_radius,40,62,4.5292,4.475528,-0.05367200000000061
charge_radius,41,49,4.2891,4.294564,0.005463999999999913
charge_radius,41,50,4.2878,4.2864604,-0.0013395999999996633
charge_radius,41,51,4.3026,4.2983685,-0.004231500000000388
charge_radius,41,52,4.324,4.3329325,0.008932500000000232
charge_radius,41,58,4.4062,4.4204693,0.014269299999999596
charge_radius,41,60,4.4861,4.461527,-0.024573000000000178
charge_radius,41,62,4.5097,4.4886484,-0.021051599999999837
charge_radius,42,48,4.3265,4.322749,-0.003751000000000282
charge_radius,42,49,4.3182,4.3193445,0.0011444999999996597
charge_radius,42,50,4.3151,4.319699,0.004598999999999798
charge_radius,42,52,4.3529,4.35614,0.0032399999999999096
charge_radius,42,53,4.3628,4.3620934,-0.0007066000000000017
charge_radius,42,54,4.3847,4.3825855,-0.002114499999999353
charge_radius,42,55,4.388,4.407136,0.019136000000000486
charge_radius,42,56,4.4091,4.4226956,0.013595600000000374
charge_radius,42,58,4.4468,4.45601,0.009210000000000385
charge_radius,42,60,4.4914,4.505552,0.014152000000000164
charge_radius,42,61,4.5145,4.5198803,0.0053802999999996715
charge_radius,42,62,4.5249,4.523691,-0.0012089999999993495
charge_radius,42,63,4.5389,4.5259066,-0.012993400000000044
charge_radius,42,64,4.549,4.5363293,-0.012670700000000146
charge_radius,42,66,4.5602,4.5402946,-0.01990539999999985
charge_radius,44,52,4.3908,4.388149,-0.002650999999999293
charge_radius,44,54,4.4229,4.410522,-0.012378
charge_radius,44,55,4.4338,4.438756,0.0049559999999999604
charge_radius,44,56,4.4531,4.452655,-0.0004450000000000287
charge_radius,44,57,4.4606,4.4679503,0.007350299999999699
charge_radius,44,58,4.4809,4.4793286,-0.0015714000000004447
charge_radius,44,60,4.5098,4.528646,0.01884599999999992
charge_radius,45,58,4.4945,4.4924903,-0.0020097000000003362
charge_radius,46,56,4.4827,4.4780855,-0.004614500000000632
charge_radius,46,58,4.5078,4.503848,-0.0039519999999999555
charge_radius,46,59,4.515,4.5180054,0.003005400000000158
charge_radius,46,60,4.5318,4.554556,0.02275600000000022
charge_radius,46,62,4.5563,4.576941,0.020640999999999465
charge_radius,46,64,4.5782,4.5789614,0.0007614000000000232
charge_radius,47,54,4.4799,4.4421825,-0.037717499999999404
charge_radius,47,56,4.5036,4.4808626,-0.022737399999999575
charge_radius,47,57,4.5119,4.500201,-0.011699000000000126
charge_radius,47,58,4.5269,4.5077515,-0.019148500000000013
charge_radius,47,60,4.5454,4.5500674,0.004667399999999766
charge_radius,47,62,4.5638,4.581537,0.017737000000000336
charge_radius,48,54,4.481,4.4564443,-0.024555699999999625
charge_radius,48,55,4.4951,4.4784045,-0.016695499999999974
charge_radius,48,56,4.5122,4.4935174,-0.018682599999999994
charge_radius,48,57,4.5216,4.5138016,-0.007798400000000427
charge_radius,48,58,4.5383,4.523709,-0.014590999999999354
charge_radius,48,59,4.5466,4.537337,-0.0092629999999998
charge_radius,48,60,4.5577,4.5694237,0.011723700000000115
charge_radius,48,61,4.5601,4.587926,0.02782600000000013
charge_radius,48,62,4.5765,4.589173,0.01267299999999949
charge_radius,48,63,4.5845,4.5976896,0.01318959999999958
charge_radius,48,64,4.5944,4.600669,0.006268999999999636
charge_radius,48,65,4.6012,4.609305,0.008104999999999585
charge_radius,48,66,4.6087,4.611252,0.002552000000000554
charge_radius,48,67,4.6114,4.614366,0.0029660000000006903
charge_radius,48,68,4.6203,4.618319,-0.0019810000000006767
charge_radius,48,69,4.6136,4.62365,0.01004999999999967
charge_radius,48,70,4.6246,4.632121,0.007520999999999667
charge_radius,48,72,4.63,4.62857,-0.0014300000000000423
charge_radius,49,55,4.5184,4.488899,-0.029500999999999777
charge_radius,49,56,4.5311,4.5084558,-0.022644200000000225
charge_radius,49,57,4.5375,4.5251184,-0.012381599999999438
charge_radius,49,58,4.5494,4.5364537,-0.0129463000000003
charge_radius,49,59,4.5571,4.55332,-0.0037799999999998946
charge_radius,49,60,4.5685,4.5890226,0.020522599999999613
charge_radius,49,61,4.5742,4.604493,0.03029299999999946
charge_radius,49,62,4.5856,4.6137633,0.028163299999999225
charge_radius,49,63,4.5907,4.6020317,0.011331700000000389
charge_radius,49,64,4.601,4.619549,0.01854900000000015
charge_radius,49,65,4.6056,4.628595,0.022994999999999877
charge_radius,49,66,4.6156,4.628791,0.013190999999999953
charge_radius,49,67,4.6211,4.6287637,0.007663700000000162
charge_radius,49,68,4.6292,4.635838,0.0066379999999997
charge_radius,49,69,4.6335,4.638833,0.005333000000000254
charge_radius,49,70,4.6407,4.6463323,0.0056323000000002565
charge_radius,49,71,4.6443,4.641786,-0.0025140000000005713
charge_radius,49,72,4.6505,4.6472936,-0.0032063999999998316
charge_radius,49,73,4.6534,4.6444016,-0.008998400000000295
charge_radius,49,74,4.6594,4.6538563,-0.005543699999999596
charge_radius,49,75,4.6625,4.6492248,-0.01327519999999982
charge_radius,49,76,4.667,4.6563425,-0.010657499999999764
charge_radius,49,77,4.6702,4.653884,-0.016316000000000663
charge_radius,49,78,4.6733,4.652337,-0.020963000000000065
charge_radius,50,58,4.5605,4.551262,-0.009237999999999857
charge_radius,50,59,4.5679,4.5628858,-0.005014199999999747
charge_radius,50,60,4.5785,4.600251,0.021751000000000076
charge_radius,50,61,4.5836,4.621347,0.03774700000000042
charge_radius,50,62,4.5948,4.6285496,0.03374960000000016
charge_radius,50,63,4.6015,4.630099,0.028599000000000707
charge_radius,50,64,4.6099,4.633848,0.023948000000000746
charge_radius,50,65,4.6148,4.6418695,0.027069500000000524
charge_radius,50,66,4.625,4.641195,0.016194999999999737
charge_radius,50,67,4.6302,4.6456594,0.015459400000000123
charge_radius,50,68,4.6393,4.6566114,0.017311399999999644
charge_radius,50,69,4.6438,4.653806,0.010006000000000626
charge_radius,50,70,4.6519,4.665842,0.013941999999999233
charge_radius,50,71,4.6566,4.6585,0.0019000000000000128
charge_radius,50,72,4.6634,4.6626167,-0.0007833000000001533
charge_radius,50,73,4.6665,4.661665,-0.004834999999999923
charge_radius,50,74,4.6735,4.673147,-0.00035299999999960363
charge_radius,50,75,4.6765,4.6702676,-0.006232400000000027
charge_radius,50,76,4.6833,4.675992,-0.007308000000000092
charge_radius,50,77,4.6867,4.6748743,-0.011825700000000161
charge_radius,50,78,4.6921,4.672238,-0.019861999999999824
charge_radius,50,79,4.6934,4.665845,-0.027554999999999552
charge_radius,50,80,4.7019,4.673484,-0.028415999999999997
charge_radius,50,81,4.7078,4.6625795,-0.04522050000000011
charge_radius,50,82,4.7093,4.6661882,-0.043111800000000144
charge_radius,51,70,4.6802,4.713648,0.03344799999999992
charge_radius,51,72,4.6879,4.709673,0.021773000000000486
charge_radius,52,64,4.6847,4.6972365,0.012536499999999506
charge_radius,52,66,4.6956,4.7043533,0.008753300000000408
charge_radius,52,68,4.7038,4.712266,0.008465999999999418
charge_radius,52,70,4.7095,4.726156,0.016655999999999338
charge_radius,52,71,4.7117,4.7222996,0.010599599999999931
charge_radius,52,72,4.7183,4.7205925,0.0022925000000002527
charge_radius,52,73,4.7204,4.7204,0.0
charge_radius,52,74,4.7266,4.7328396,0.00623959999999979
charge_radius,52,76,4.7346,4.740803,0.006202999999999292
charge_radius,52,78,4.7423,4.742349,4.899999999974369e-05
charge_radius,52,80,4.75,4.7444015,-0.005598499999999618
charge_radius,52,82,4.7569,4.73619,-0.020710000000000228
charge_radius,52,84,4.7815,4.763342,-0.018158000000000563
charge_radius,53,74,4.75,4.7626104,0.0126103999999998
charge_radius,54,62,4.7211,4.738518,0.017418000000000156
charge_radius,54,64,4.7387,4.7449503,0.006250300000000486
charge_radius,54,66,4.7509,4.75455,0.003650000000000375
charge_radius,54,68,4.759,4.765855,0.0068549999999998334
charge_radius,54,70,4.7661,4.7738013,0.007701299999999911
charge_radius,54,72,4.7722,4.7726994,0.0004993999999998167
charge_radius,54,73,4.7747,4.7736893,-0.001010700000000142
charge_radius,54,74,4.7774,4.7848296,0.007429600000000036
charge_radius,54,75,4.7775,4.7858763,0.008376300000000114
charge_radius,54,76,4.7818,4.791794,0.009994000000000725
charge_radius,54,77,4.7808,4.7929077,0.01210769999999961
charge_radius,54,78,4.7859,4.800103,0.014203000000000188
charge_radius,54,79,4.7831,4.7887707,0.005670699999999584
charge_radius,54,80,4.7899,4.80195,0.01204999999999945
charge_radius,54,82,4.7964,4.795488,-0.000912000000000468
charge_radius,54,83,4.8094,4.80341,-0.005989999999999718
charge_radius,54,84,4.8279,4.818595,-0.009304999999999453
charge_radius,54,85,4.8409,4.8319,-0.009000000000000341
charge_radius,54,86,4.8566,4.8423,-0.014300000000000423
charge_radius,54,87,4.8694,4.8498287,-0.019571299999999958
charge_radius,54,88,4.8841,4.8691063,-0.014993699999999777
charge_radius,54,89,4.8942,4.886581,-0.007619000000000042
charge_radius,54,90,4.9082,4.9012175,-0.006982500000000336
charge_radius,54,92,4.9315,4.929268,-0.0022319999999993456
charge_radius,55,63,4.7832,4.7524557,-0.03074430000000028
charge_radius,55,64,4.7896,4.7506237,-0.03897629999999985
charge_radius,55,65,4.7915,4.761246,-0.030254000000000225
charge_radius,55,66,4.7769,4.7740235,-0.0028765000000001706
charge_radius,55,67,4.7773,4.775711,-0.0015890000000000626
charge_radius,55,68,4.782,4.7841005,0.0021005000000000607
charge_radius,55,69,4.7828,4.7850595,0.002259500000000081
charge_radius,55,70,4.788,4.796122,0.008122000000000185
charge_radius,55,71,4.7872,4.7922626,0.005062599999999584
charge_radius,55,72,4.7936,4.7965646,0.002964600000000317
charge_radius,55,73,4.7921,4.7946267,0.002526700000000659
charge_radius,55,74,4.7981,4.8017635,0.0036635000000000417
charge_radius,55,75,4.7992,4.805321,0.006121000000000265
charge_radius,55,76,4.8026,4.811854,0.009254000000000318
charge_radius,55,77,4.8002,4.812367,0.012166999999999817
charge_radius,55,78,4.8041,4.817646,0.013545999999999836
charge_radius,55,79,4.8031,4.8073945,0.004294500000000312
charge_radius,55,80,4.8067,4.820813,0.014113000000000042
charge_radius,55,81,4.8059,4.8185587,0.012658699999999357
charge_radius,55,82,4.8128,4.8155003,0.002700299999999878
charge_radius,55,83,4.8255,4.827759,0.002259000000000455
charge_radius,55,84,4.8422,4.841611,-0.0005889999999997286
charge_radius,55,85,4.8554,4.8554397,3.9699999999420754e-05
charge_radius,55,86,4.8689,4.8663983,-0.002501699999999829
charge_radius,55,87,4.8825,4.876516,-0.0059840000000006555
charge_radius,55,88,4.8965,4.8922205,-0.004279499999999992
charge_radius,55,89,4.9055,4.913142,0.007641999999999705
charge_radius,55,90,4.9188,4.9245725,0.005772499999999958
charge_radius,55,91,4.9281,4.940837,0.012737000000000442
charge_radius,56,64,4.8092,4.774409,-0.03479099999999935
charge_radius,56,65,4.8176,4.7837667,-0.03383329999999951
charge_radius,56,66,4.8153,4.7984676,-0.016832399999999303
charge_radius,56,67,4.8135,4.798914,-0.014586000000000432
charge_radius,56,68,4.8185,4.8088865,-0.009613500000000386
charge_radius,56,69,4.8177,4.8125525,-0.005147500000000527
charge_radius,56,70,4.8221,4.818979,-0.0031210000000001514
charge_radius,56,71,4.8204,4.8174143,-0.00298569999999998
charge_radius,56,72,4.8255,4.820432,-0.005067999999999628
charge_radius,56,73,4.8248,4.818793,-0.0060069999999994295
charge_radius,56,74,4.8283,4.832696,0.004396000000000733
charge_radius,56,75,4.8276,4.834165,0.006564999999999266
charge_radius,56,76,4.8303,4.838394,0.008093999999999824
charge_radius,56,77,4.8286,4.840431,0.011830999999999925
charge_radius,56,78,4.8322,4.8461113,0.013911299999999294
charge_radius,56,79,4.8294,4.837324,0.007924000000000042
charge_radius,56,80,4.8334,4.847327,0.0139269999999998
charge_radius,56,81,4.8314,4.837945,0.006545000000000023
charge_radius,56,82,4.8378,4.8414326,0.00363260000000043
charge_radius,56,83,4.8513,4.8539605,0.0026605000000001766
charge_radius,56,84,4.8684,4.8705025,0.002102499999999452
charge_radius,56,85,4.8807,4.8818564,0.0011564000000001684
charge_radius,56,86,4.8953,4.8928423,-0.002457699999999896
charge_radius,56,87,4.9087,4.901859,-0.006840999999999653
charge_radius,56,88,4.9236,4.9204707,-0.0031293000000003346
charge_radius,56,89,4.9345,4.9377446,0.003244600000000375
charge_radius,56,90,4.9479,4.9442644,-0.003635599999999961
charge_radius,56,92,4.9731,4.9737897,0.0006897000000005704
charge_radius,57,78,4.8488,4.8508043,0.002004300000000292
charge_radius,57,80,4.8496,4.8558607,0.006260700000000341
charge_radius,57,81,4.8473,4.8552237,0.007923700000000089
charge_radius,57,82,4.855,4.849909,-0.005091000000000179
charge_radius,58,78,4.8739,4.873669,-0.0002310000000003143
charge_radius,58,80,4.8737,4.87075,-0.00295000000000023
charge_radius,58,82,4.8771,4.8681555,-0.008944500000000133
charge_radius,58,84,4.9063,4.893812,-0.012488000000000277
charge_radius,58,86,4.9303,4.918906,-0.011394000000000126
charge_radius,58,88,4.959,4.9468503,-0.012149699999999264
charge_radius,58,90,4.9893,4.975541,-0.013759000000000299
charge_radius,59,82,4.8919,4.8992343,0.007334300000000127
charge_radius,60,72,4.9174,4.887865,-0.02953500000000009
charge_radius,60,74,4.9128,4.900695,-0.012105000000000032
charge_radius,60,75,4.9086,4.906436,-0.0021639999999996107
charge_radius,60,76,4.9111,4.909164,-0.001936000000000604
charge_radius,60,77,4.908,4.9135876,0.005587599999999249
charge_radius,60,78,4.9123,4.921029,0.008728999999999765
charge_radius,60,79,4.9076,4.913179,0.005579000000000001
charge_radius,60,80,4.9101,4.923721,0.013620999999999661
charge_radius,60,81,4.9057,4.9217205,0.01602049999999977
charge_radius,60,82,4.9123,4.9205427,0.00824270000000027
charge_radius,60,83,4.9254,4.930242,0.004842000000000013
charge_radius,60,84,4.9421,4.9519825,0.009882499999999794
charge_radius,60,85,4.9535,4.9624915,0.008991499999999597
charge_radius,60,86,4.9696,4.973978,0.004377999999999993
charge_radius,60,88,4.9999,5.002389,0.0024889999999997414
charge_radius,60,90,5.04,5.0345097,-0.005490299999999948
charge_radius,62,76,4.9599,4.9436655,-0.016234500000000374
charge_radius,62,77,4.9556,4.948255,-0.007344999999999935
charge_radius,62,78,4.9565,4.954588,-0.0019119999999999138
charge_radius,62,79,4.9517,4.9476805,-0.004019500000000065
charge_radius,62,80,4.9518,4.956361,0.004560999999999815
charge_radius,62,81,4.9479,4.956652,0.008752000000000315
charge_radius,62,82,4.9524,4.957055,0.00465500000000052
charge_radius,62,83,4.9651,4.9695606,0.004460600000000703
charge_radius,62,84,4.9808,4.9902453,0.009445299999999435
charge_radius,62,85,4.9892,4.9980726,0.00887260000000012
charge_radius,62,86,5.0042,5.0135813,0.009381300000000259
charge_radius,62,87,5.0134,5.022647,0.009247000000000227
charge_radius,62,88,5.0387,5.0413876,0.00268759999999979
charge_radius,62,89,5.055,5.0595818,0.004581800000000413
charge_radius,62,90,5.0819,5.0753183,-0.006581699999999913
charge_radius,62,91,5.0925,5.088117,-0.004383000000000692
charge_radius,62,92,5.1053,5.099263,-0.00603700000000007
charge_radius,63,74,4.9762,4.9578104,-0.018389600000000783
charge_radius,63,75,4.9779,4.962316,-0.015583999999999598
charge_radius,63,76,4.976,4.963405,-0.012595000000000134
charge_radius,63,77,4.9695,4.9683986,-0.001101399999999586
charge_radius,63,78,4.9697,4.9724665,0.0027665000000007822
charge_radius,63,79,4.9607,4.963814,0.003114000000000061
charge_radius,63,80,4.9636,4.978217,0.014617000000000324
charge_radius,63,81,4.9612,4.9731326,0.011932599999999738
charge_radius,63,82,4.9663,4.9704723,0.004172299999999574
charge_radius,63,83,4.9789,4.989623,0.010722999999999594
charge_radius,63,84,4.9938,5.006603,0.012802999999999898
charge_radius,63,85,5.0045,5.0210943,0.016594299999999507
charge_radius,63,86,5.0202,5.0323052,0.012105199999999705
charge_radius,63,87,5.0296,5.0488605,0.01926049999999968
charge_radius,63,88,5.0522,5.066979,0.014778999999999876
charge_radius,63,89,5.1064,5.078645,-0.027754999999999974
charge_radius,63,90,5.1115,5.095101,-0.01639900000000072
charge_radius,63,91,5.1239,5.1108556,-0.013044400000000067
charge_radius,63,92,5.1221,5.1219354,-0.00016459999999973718
charge_radius,63,93,5.1264,5.1296244,0.003224399999999683
charge_radius,63,94,5.1351,5.1366377,0.001537699999999198
charge_radius,63,95,5.1413,5.146243,0.00494299999999992
charge_radius,63,96,5.1498,5.1539106,0.004110599999999742
charge_radius,64,81,4.9786,4.9794264,0.000826400000000227
charge_radius,64,82,4.9801,4.9815426,0.0014425999999998496
charge_radius,64,84,5.008,5.0196447,0.01164469999999973
charge_radius,64,86,5.0342,5.049358,0.01515799999999956
charge_radius,64,88,5.0774,5.073406,-0.003993999999999609
charge_radius,64,90,5.1223,5.10308,-0.019219999999999793
charge_radius,64,91,5.1319,5.1142826,-0.017617399999999783
charge_radius,64,92,5.142,5.128604,-0.013396000000000186
charge_radius,64,93,5.1449,5.1356554,-0.009244599999999714
charge_radius,64,94,5.1569,5.14268,-0.0142199999999999
charge_radius,64,96,5.1734,5.1600227,-0.013377300000000147
charge_radius,65,82,4.9201,4.9193563,-0.0007437000000001248
charge_radius,65,83,4.9291,4.9326425,0.003542500000000004
charge_radius,65,84,4.9427,4.9575524,0.014852399999999655
charge_radius,65,85,4.9499,4.9659486,0.016048599999999524
charge_radius,65,86,4.963,4.9862676,0.02326759999999961
charge_radius,65,87,4.9689,4.995387,0.02648700000000037
charge_radius,65,88,4.995,5.0144186,0.01941859999999984
charge_radius,65,89,5.0333,5.0307484,-0.002551599999999432
charge_radius,65,90,5.0391,5.047213,0.008112999999999815
charge_radius,65,92,5.0489,5.075367,0.02646700000000024
charge_radius,65,94,5.06,5.0923963,0.03239630000000027
charge_radius,66,80,5.0438,5.026883,-0.016917000000000293
charge_radius,66,82,5.0455,5.0259037,-0.0195962999999999
charge_radius,66,83,5.0567,5.0330696,-0.02363040000000005
charge_radius,66,84,5.0706,5.0580974,-0.012502599999999475
charge_radius,66,85,5.0801,5.0748634,-0.005236599999999925
charge_radius,66,86,5.095,5.088892,-0.006107999999999336
charge_radius,66,87,5.1035,5.1025877,-0.0009123000000004211
charge_radius,66,88,5.1241,5.1217203,-0.0023797000000005397
charge_radius,66,89,5.1457,5.1406603,-0.005039699999999314
charge_radius,66,90,5.1622,5.152496,-0.009704000000000157
charge_radius,66,91,5.1709,5.1646338,-0.0062661999999997775
charge_radius,66,92,5.1815,5.177344,-0.0041560000000000485
charge_radius,66,93,5.1825,5.1807804,-0.0017196000000003764
charge_radius,66,94,5.1951,5.193619,-0.0014810000000000656
charge_radius,66,95,5.1962,5.2025495,0.006349499999999786
charge_radius,66,96,5.2074,5.2103705,0.002970499999999987
charge_radius,66,97,5.2099,5.2279215,0.01802149999999969
charge_radius,66,98,5.2218,5.238149,0.016348999999999947
charge_radius,67,84,5.0398,5.048623,0.00882300000000047
charge_radius,67,85,5.0614,5.064542,0.0031420000000004222
charge_radius,67,86,5.076,5.0775824,0.0015824000000002059
charge_radius,67,87,5.0856,5.092173,0.006572999999999496
charge_radius,67,88,5.1076,5.1097865,0.0021865000000005352
charge_radius,67,89,5.1156,5.1257706,0.010170600000000363
charge_radius,67,90,5.1535,5.1373158,-0.016184200000000537
charge_radius,67,91,5.1571,5.1529975,-0.00410250000000012
charge_radius,67,92,5.1675,5.1652985,-0.0022015000000008556
charge_radius,67,93,5.1662,5.1705413,0.004341300000000103
charge_radius,67,94,5.1785,5.178077,-0.0004229999999996181
charge_radius,67,95,5.1817,5.1854563,0.0037563000000000457
charge_radius,67,96,5.1907,5.192148,0.001448000000000782
charge_radius,67,98,5.2022,5.22338,0.02117999999999931
charge_radius,68,82,5.0548,5.0448513,-0.00994869999999981
charge_radius,68,84,5.0843,5.0834227,-0.0008772999999999698
charge_radius,68,86,5.1129,5.1142855,0.0013855000000004836
charge_radius,68,88,5.1429,5.1457496,0.0028496000000002297
charge_radius,68,90,5.1761,5.174293,-0.0018070000000003361
charge_radius,68,92,5.2045,5.197919,-0.006581000000000614
charge_radius,68,94,5.2246,5.214298,-0.010301999999999367
charge_radius,68,96,5.2389,5.2314515,-0.007448499999999747
charge_radius,68,98,5.2516,5.2578907,0.0062907000000000934
charge_radius,68,99,5.256,5.2626534,0.006653399999999365
charge_radius,68,100,5.2644,5.2719173,0.007517299999999949
charge_radius,68,102,5.2789,5.2817774,0.00287740000000003
charge_radius,69,84,5.0643,5.0442686,-0.020031400000000588
charge_radius,69,85,5.0755,5.059206,-0.016294000000000253
charge_radius,69,87,5.0976,5.092551,-0.005048999999999637
charge_radius,69,88,5.114,5.110211,-0.0037890000000002644
charge_radius,69,89,5.1235,5.1297445,0.006244500000000208
charge_radius,69,90,5.1392,5.1432276,0.004027600000000575
charge_radius,69,91,5.1504,5.1534805,0.0030804999999993754
charge_radius,69,92,5.1616,5.1668067,0.005206700000000453
charge_radius,69,93,5.1713,5.171376,7.600000000085316e-05
charge_radius,69,94,5.1849,5.178923,-0.005976999999999677
charge_radius,69,95,5.1906,5.1858377,-0.004762299999999442
charge_radius,69,96,5.2004,5.1910963,-0.009303700000000248
charge_radius,69,97,5.2046,5.213406,0.00880599999999987
charge_radius,69,98,5.2129,5.219548,0.006647999999999321
charge_radius,69,99,5.217,5.2339487,0.016948700000000372
charge_radius,69,100,5.2256,5.2437477,0.0181477000000001
charge_radius,69,101,5.2303,5.2536416,0.023341600000000184
charge_radius,69,102,5.2388,5.2481165,0.009316499999999728
charge_radius,69,103,5.2411,5.2644095,0.023309499999999872
charge_radius,70,82,5.0423,5.0545316,0.012231599999999787
charge_radius,70,84,5.0875,5.0903654,0.0028653999999992408
charge_radius,70,85,5.104,5.1036773,-0.00032269999999989807
charge_radius,70,86,5.1219,5.1194363,-0.0024636999999998466
charge_radius,70,87,5.1324,5.133296,0.0008960000000000079
charge_radius,70,88,5.1498,5.153001,0.0032009999999997873
charge_radius,70,89,5.1629,5.1727095,0.009809500000000249
charge_radius,70,90,5.1781,5.1843166,0.006216600000000128
charge_radius,70,91,5.1889,5.1991234,0.010223400000000105
charge_radius,70,92,5.2054,5.2072353,0.0018352999999997621
charge_radius,70,93,5.2157,5.2174506,0.0017506000000002686
charge_radius,70,94,5.2307,5.222559,-0.008140999999999288
charge_radius,70,95,5.2399,5.234495,-0.00540499999999966
charge_radius,70,96,5.2525,5.2399917,-0.01250830000000036
charge_radius,70,97,5.2621,5.254294,-0.007806000000000424
charge_radius,70,98,5.2702,5.2623744,-0.007825600000000321
charge_radius,70,99,5.2771,5.276406,-0.0006940000000001945
charge_radius,70,100,5.2853,5.280619,-0.004681000000000601
charge_radius,70,101,5.2906,5.2977123,0.007112299999999294
charge_radius,70,102,5.2995,5.2913156,-0.008184400000000203
charge_radius,70,103,5.3046,5.3072486,0.002648600000000556
charge_radius,70,104,5.3108,5.312004,0.0012039999999995388
charge_radius,70,105,5.3135,5.323872,0.010371999999999382
charge_radius,70,106,5.3215,5.317606,-0.00389400000000073
charge_radius,71,90,5.2293,5.2373614,0.008061399999999885
charge_radius,71,91,5.2398,5.250561,0.010761000000000465
charge_radius,71,92,5.2567,5.2620535,0.005353500000000011
charge_radius,71,93,5.2677,5.269833,0.0021330000000006066
charge_radius,71,94,5.283,5.2765384,-0.006461600000000622
charge_radius,71,95,5.2972,5.2847304,-0.012469600000000192
charge_radius,71,96,5.3108,5.2924886,-0.018311399999999978
charge_radius,71,97,5.3227,5.3097134,-0.012986600000000514
charge_radius,71,98,5.329,5.316333,-0.01266699999999954
charge_radius,71,99,5.3364,5.327341,-0.009059000000000594
charge_radius,71,100,5.3436,5.33568,-0.007920000000000371
charge_radius,71,101,5.3486,5.349208,0.0006079999999997199
charge_radius,71,102,5.3577,5.346606,-0.011093999999999937
charge_radius,71,103,5.3634,5.3618393,-0.0015607000000006366
charge_radius,71,104,5.37,5.364304,-0.0056960000000003674
charge_radius,71,105,5.3739,5.3729343,-0.0009657000000000693
charge_radius,71,106,5.3815,5.375586,-0.005913999999999753
charge_radius,71,107,5.3857,5.379758,-0.005942000000000114
charge_radius,71,108,5.3917,5.376318,-0.015381999999999785
charge_radius,72,98,5.2898,5.2816997,-0.008100299999999727
charge_radius,72,99,5.3041,5.2933855,-0.010714499999999738
charge_radius,72,100,5.3065,5.299637,-0.0068630000000000635
charge_radius,72,101,5.314,5.3078756,-0.00612440000000003
charge_radius,72,102,5.3201,5.3134403,-0.006659700000000157
charge_radius,72,103,5.3191,5.3286796,0.009579600000000354
charge_radius,72,104,5.3286,5.333763,0.005163000000000473
charge_radius,72,105,5.3309,5.343911,0.01301100000000055
charge_radius,72,106,5.3371,5.34135,0.004249999999999865
charge_radius,72,107,5.3408,5.3485637,0.007763699999999929
charge_radius,72,108,5.347,5.346268,-0.000732000000000177
charge_radius,72,110,5.3516,5.341898,-0.009702000000000766
charge_radius,73,108,5.3507,5.365033,0.014333000000000595
charge_radius,74,106,5.3491,5.366724,0.01762399999999964
charge_radius,74,108,5.3559,5.373641,0.017741000000000007
charge_radius,74,109,5.3611,5.3646827,0.0035826999999999387
charge_radius,74,110,5.3658,5.3717723,0.005972299999999819
charge_radius,74,112,5.3743,5.376857,0.0025570000000003645
charge_radius,75,110,5.3596,5.3785524,0.01895239999999987
charge_radius,75,112,5.3698,5.382653,0.01285300000000067
charge_radius,76,108,5.3823,5.3965764,0.014276399999999967
charge_radius,76,110,5.3909,5.394782,0.003881999999999941
charge_radius,76,111,5.3933,5.391329,-0.001971000000000167
charge_radius,76,112,5.3993,5.399244,-5.599999999983396e-05
charge_radius,76,113,5.4016,5.403434,0.0018339999999996692
charge_radius,76,114,5.4062,5.404755,-0.0014450000000003627
charge_radius,76,116,5.4126,5.4145865,0.001986500000000113
charge_radius,77,105,5.3705,5.3854065,0.014906500000000378
charge_radius,77,106,5.378,5.3803477,0.0023476999999996195
charge_radius,77,107,5.3805,5.391855,0.011355000000000004
charge_radius,77,108,5.3854,5.3915324,0.00613240000000026
charge_radius,77,109,5.39,5.3782663,-0.011733699999999736
charge_radius,77,110,5.3812,5.389475,0.008275000000000254
charge_radius,77,111,5.3838,5.390338,0.006537999999999933
charge_radius,77,112,5.3898,5.3969975,0.00719750000000019
charge_radius,77,114,5.3968,5.403603,0.006803000000000559
charge_radius,77,116,5.4032,5.405938,0.002737999999999907
charge_radius,78,100,5.3728,5.3547573,-0.018042699999999634
charge_radius,78,101,5.3915,5.3701077,-0.021392299999999587
charge_radius,78,102,5.3891,5.3656597,-0.02344029999999986
charge_radius,78,103,5.3996,5.388993,-0.010607000000000255
charge_radius,78,104,5.3969,5.3910303,-0.005869699999999867
charge_radius,78,105,5.4038,5.404872,0.0010719999999997398
charge_radius,78,106,5.4015,5.399235,-0.0022650000000004056
charge_radius,78,107,5.4148,5.413078,-0.0017220000000000013
charge_radius,78,108,5.4037,5.411783,0.008083000000000062
charge_radius,78,109,5.4063,5.405473,-0.0008270000000001332
charge_radius,78,110,5.4053,5.41353,0.008229999999999293
charge_radius,78,111,5.406,5.4111414,0.005141400000000296
charge_radius,78,112,5.4108,5.4145737,0.003773699999999991
charge_radius,78,113,5.4102,5.4271674,0.01696740000000041
charge_radius,78,114,5.4169,5.4256024,0.008702399999999777
charge_radius,78,115,5.4191,5.4293704,0.010270399999999569
charge_radius,78,116,5.4236,5.4337215,0.01012149999999945
charge_radius,78,117,5.427,5.438439,0.011439000000000199
charge_radius,78,118,5.4307,5.4317884,0.0010884000000004335
charge_radius,78,120,5.4383,5.448317,0.010017000000000387
charge_radius,79,104,5.4247,5.3914714,-0.033228599999999275
charge_radius,79,105,5.4306,5.402314,-0.028286000000000477
charge_radius,79,106,5.4296,5.399852,-0.029747999999999664
charge_radius,79,107,5.4354,5.410437,-0.024962999999999624
charge_radius,79,108,5.4018,5.415038,0.013238000000000305
charge_radius,79,109,5.4049,5.4081926,0.003292599999999979
charge_radius,79,110,5.4084,5.414507,0.006107000000000085
charge_radius,79,111,5.4109,5.4144745,0.003574500000000036
charge_radius,79,112,5.4147,5.421454,0.006753999999999927
charge_radius,79,113,5.4179,5.4240303,0.0061302999999997
charge_radius,79,114,5.4221,5.430958,0.008858000000000033
charge_radius,79,115,5.4252,5.4364734,0.011273399999999434
charge_radius,79,116,5.4298,5.433911,0.004110999999999976
charge_radius,79,117,5.4332,5.4428525,0.00965249999999962
charge_radius,79,118,5.4371,5.4350395,-0.0020604999999997986
charge_radius,79,119,5.44,5.439382,-0.0006180000000002295
charge_radius,79,120,5.4454,5.4506607,0.005260700000000007
charge_radius,80,101,5.4364,5.3761396,-0.06026039999999977
charge_radius,80,102,5.3833,5.3779345,-0.005365499999999912
charge_radius,80,103,5.4405,5.3910203,-0.049479700000000015
charge_radius,80,104,5.3949,5.401211,0.006311000000000178
charge_radius,80,105,5.4397,5.4128637,-0.026836300000000257
charge_radius,80,106,5.4017,5.411109,0.009408999999999779
charge_radius,80,107,5.4046,5.42625,0.02164999999999928
charge_radius,80,108,5.4085,5.422468,0.013968000000000202
charge_radius,80,109,5.41,5.416928,0.006928000000000267
charge_radius,80,110,5.4158,5.424638,0.008837999999999901
charge_radius,80,111,5.4171,5.4283295,0.01122950000000067
charge_radius,80,112,5.4232,5.430071,0.0068710000000002935
charge_radius,80,113,5.4238,5.4390736,0.015273600000000442
charge_radius,80,114,5.4309,5.4401107,0.009210699999999683
charge_radius,80,115,5.4345,5.4459724,0.011472399999999716
charge_radius,80,116,5.4385,5.4480886,0.009588599999999836
charge_radius,80,117,5.4412,5.4543004,0.013100399999999901
charge_radius,80,118,5.4463,5.4458833,-0.0004166999999997145
charge_radius,80,119,5.4474,5.4561915,0.008791500000000063
charge_radius,80,120,5.4551,5.4647675,0.00966749999999994
charge_radius,80,121,5.4581,5.4599543,0.0018542999999997534
charge_radius,80,122,5.4648,5.4626184,-0.0021816000000001168
charge_radius,80,123,5.4679,5.47206,0.0041599999999997195
charge_radius,80,124,5.4744,5.470089,-0.004311000000000398
charge_radius,80,125,5.4776,5.4689193,-0.008680700000000208
charge_radius,80,126,5.4837,5.480466,-0.003233999999999959
charge_radius,81,107,5.4017,5.415224,0.013524000000000314
charge_radius,81,109,5.4121,5.404974,-0.007125999999999522
charge_radius,81,110,5.4169,5.415965,-0.0009350000000001302
charge_radius,81,111,5.4191,5.414896,-0.004204000000000541
charge_radius,81,112,5.4243,5.423318,-0.0009819999999995943
charge_radius,81,113,5.4259,5.424138,-0.0017620000000002634
charge_radius,81,114,5.4325,5.434911,0.002410999999999497
charge_radius,81,115,5.4327,5.4403505,0.007650500000000449
charge_radius,81,116,5.4388,5.4423933,0.0035933000000003545
charge_radius,81,117,5.4396,5.4502106,0.010610599999999692
charge_radius,81,118,5.4479,5.4452376,-0.0026624000000001757
charge_radius,81,119,5.4491,5.45101,0.0019100000000005224
charge_radius,81,120,5.4573,5.460821,0.0035210000000001074
charge_radius,81,121,5.4595,5.45316,-0.006340000000000678
charge_radius,81,122,5.4666,5.4630604,-0.003539599999999865
charge_radius,81,123,5.4704,5.4736996,0.003299600000000069
charge_radius,81,124,5.4759,5.47086,-0.0050400000000001555
charge_radius,81,126,5.4853,5.476166,-0.009133999999999531
charge_radius,81,127,5.4946,5.476608,-0.017992000000000452
charge_radius,82,100,5.3788,5.3686323,-0.010167700000000224
charge_radius,82,101,5.3869,5.384989,-0.001910999999999774
charge_radius,82,102,5.393,5.379712,-0.013288000000000189
charge_radius,82,103,5.3984,5.4024467,0.004046699999999959
charge_radius,82,104,5.4027,5.406088,0.0033879999999992805
charge_radius,82,105,5.4079,5.4142685,0.006368500000000665
charge_radius,82,106,5.4139,5.4112005,-0.002699500000000299
charge_radius,82,107,5.4177,5.425392,0.007692000000000476
charge_radius,82,108,5.4222,5.42415,0.0019499999999998963
charge_radius,82,109,5.4229,5.416395,-0.006505000000000649
charge_radius,82,110,5.43,5.4290733,-0.000926699999999947
charge_radius,82,111,5.431,5.427898,-0.00310200000000016
charge_radius,82,112,5.4372,5.435554,-0.0016460000000000363
charge_radius,82,113,5.4389,5.4445987,0.0056986999999999455
charge_radius,82,114,5.4444,5.4490128,0.0046128000000003055
charge_radius,82,115,5.4446,5.457407,0.012806999999999569
charge_radius,82,116,5.4524,5.4578495,0.005449500000000107
charge_radius,82,117,5.4529,5.4635644,0.010664400000000462
charge_radius,82,118,5.4611,5.4577503,-0.003349700000000233
charge_radius,82,119,5.4629,5.462114,-0.0007860000000006195
charge_radius,82,120,5.4705,5.4753203,0.0048202999999995555
charge_radius,82,121,5.4727,5.471529,-0.001170999999999367
charge_radius,82,122,5.4803,5.477399,-0.0029009999999995983
charge_radius,82,123,5.4828,5.4852314,0.0024313999999998614
charge_radius,82,124,5.4902,5.4826055,-0.0075944999999997265
charge_radius,82,125,5.4943,5.4838905,-0.010409499999999738
charge_radius,82,126,5.5012,5.494741,-0.0064589999999995484
charge_radius,82,127,5.51,5.497384,-0.012615999999999516
charge_radius,82,128,5.5208,5.53756,0.016759999999999664
charge_radius,82,129,5.529,5.531217,0.0022169999999999135
charge_radius,82,130,5.5396,5.547179,0.00757899999999978
charge_radius,82,132,5.5577,5.574338,0.016638000000000375
charge_radius,83,119,5.484,5.4884405,0.0044405000000002914
charge_radius,83,120,5.4911,5.49577,0.004669999999999952
charge_radius,83,121,5.4934,5.4922323,-0.0011676999999998827
charge_radius,83,122,5.5008,5.500263,-0.0005369999999995656
charge_radius,83,123,5.5034,5.5097513,0.0063512999999995046
charge_radius,83,124,5.5103,5.5075316,-0.002768399999999893
charge_radius,83,125,5.5147,5.510699,-0.004001000000000587
charge_radius,83,126,5.5211,5.519712,-0.0013879999999995007
charge_radius,83,127,5.53,5.521409,-0.008591000000000015
charge_radius,83,129,5.5489,5.5573993,0.008499300000000432
charge_radius,83,130,5.5586,5.5691543,0.010554299999999905
charge_radius,84,108,5.522,5.4857907,-0.03620930000000033
charge_radius,84,110,5.5167,5.4871564,-0.029543600000000225
charge_radius,84,112,5.5136,5.498164,-0.015436000000000227
charge_radius,84,114,5.5146,5.5187984,0.0041983999999999355
charge_radius,84,116,5.5199,5.5285554,0.008655400000000313
charge_radius,84,118,5.5281,5.530895,0.002794999999999881
charge_radius,84,120,5.5378,5.5495358,0.011735800000000296
charge_radius,84,121,5.5389,5.5437956,0.004895600000000222
charge_radius,84,122,5.548,5.554667,0.0066670000000002005
charge_radius,84,123,5.5501,5.5615826,0.011482600000000787
charge_radius,84,124,5.5584,5.561386,0.002985999999999933
charge_radius,84,125,5.5628,5.562405,-0.00039500000000014523
charge_radius,84,126,5.5704,5.572055,0.001654999999999518
charge_radius,84,132,5.6359,5.6478834,0.011983400000000088
charge_radius,84,134,5.6558,5.660137,0.004336999999999591
charge_radius,86,116,5.5521,5.536436,-0.015664000000000122
charge_radius,86,118,5.5568,5.54279,-0.014009999999999856
charge_radius,86,119,5.5569,5.54824,-0.00865999999999989
charge_radius,86,120,5.564,5.563302,-0.0006979999999998654
charge_radius,86,121,5.5652,5.556058,-0.009141999999999761
charge_radius,86,122,5.5725,5.566408,-0.006091999999999764
charge_radius,86,123,5.5743,5.575247,0.0009470000000000312
charge_radius,86,124,5.5813,5.5766115,-0.004688499999999429
charge_radius,86,125,5.585,5.5768795,-0.008120499999999531
charge_radius,86,126,5.5915,5.591651,0.0001509999999997902
charge_radius,86,132,5.654,5.6655083,0.011508300000000027
charge_radius,86,133,5.6648,5.677231,0.012431000000000303
charge_radius,86,134,5.6731,5.680939,0.007839000000000595
charge_radius,86,135,5.6834,5.699432,0.016032000000000046
charge_radius,86,136,5.6915,5.704577,0.013077000000000005
charge_radius,87,120,5.572,5.5687323,-0.0032677000000003176
charge_radius,87,121,5.5729,5.561595,-0.01130500000000012
charge_radius,87,122,5.5799,5.569878,-0.010022000000000197
charge_radius,87,123,5.5818,5.580389,-0.001411000000000051
charge_radius,87,124,5.5882,5.5824485,-0.005751499999999687
charge_radius,87,125,5.5915,5.58301,-0.008490000000000109
charge_radius,87,126,5.5977,5.5929365,-0.0047634999999992544
charge_radius,87,133,5.6688,5.681194,0.012393999999999572
charge_radius,87,134,5.679,5.68515,0.006149999999999878
charge_radius,87,135,5.689,5.7072315,0.018231499999999734
charge_radius,87,136,5.6951,5.711464,0.016364000000000267
charge_radius,87,137,5.7061,5.7093306,0.0032306000000001944
charge_radius,87,138,5.7112,5.7194433,0.008243300000000175
charge_radius,87,139,5.719,5.716563,-0.0024370000000004666
charge_radius,87,140,5.7335,5.726083,-0.007417000000000229
charge_radius,87,141,5.7399,5.7376842,-0.002215799999999213
charge_radius,88,120,5.585,5.57664,-0.008359999999999701
charge_radius,88,121,5.5853,5.567255,-0.018044999999999867
charge_radius,88,122,5.5917,5.575143,-0.0165570000000006
charge_radius,88,123,5.5929,5.587588,-0.005311999999999983
charge_radius,88,124,5.5991,5.5896144,-0.00948559999999965
charge_radius,88,125,5.602,5.5919943,-0.010005700000000672
charge_radius,88,126,5.6079,5.6019034,-0.0059965999999995745
charge_radius,88,132,5.6683,5.6838517,0.015551699999999613
charge_radius,88,133,5.6795,5.693296,0.013796000000000141
charge_radius,88,134,5.6874,5.6973114,0.009911400000000015
charge_radius,88,135,5.6973,5.7152014,0.017901399999999512
charge_radius,88,136,5.7046,5.7210407,0.01644069999999953
charge_radius,88,137,5.715,5.721076,0.006076000000000192
charge_radius,88,138,5.7211,5.730667,0.009567000000000547
charge_radius,88,139,5.7283,5.728356,5.599999999983396e-05
charge_radius,88,140,5.737,5.740658,0.003657999999999717
charge_radius,88,141,5.7455,5.7501307,0.004630699999999877
charge_radius,88,142,5.7551,5.76856,0.01346000000000025
charge_radius,88,144,5.7714,5.7626,-0.008799999999999919
charge_radius,90,137,5.7404,5.744339,0.003938999999999915
charge_radius,90,138,5.7488,5.7542486,0.005448600000000248
charge_radius,90,139,5.7557,5.7531166,-0.0025833999999997914
charge_radius,90,140,5.767,5.7613926,-0.005607400000000595
charge_radius,90,142,5.7848,5.7906585,0.005858500000000433
charge_radius,92,141,5.8203,5.820719,0.00041900000000083537
charge_radius,92,142,5.8291,5.8398314,0.01073139999999917
charge_radius,92,143,5.8337,5.8185177,-0.015182300000000204
charge_radius,92,144,5.8431,5.8343115,-0.008788499999999644
charge_radius,92,146,5.8571,5.847662,-0.00943800000000028
charge_radius,94,144,5.8535,5.843711,-0.009789000000000492
charge_radius,94,145,5.8601,5.8592014,-0.0008986000000001937
charge_radius,94,146,5.8701,5.8581038,-0.011996199999999568
charge_radius,94,147,5.8748,5.847334,-0.027465999999999546
charge_radius,94,148,5.8823,5.872074,-0.01022600000000029
charge_radius,94,150,5.8948,5.862652,-0.03214800000000029
charge_radius,95,146,5.8928,5.8681946,-0.024605400000000444
charge_radius,95,148,5.9048,5.880816,-0.02398399999999956
charge_radius,96,146,5.8285,5.85279,0.0242899999999997
charge_radius,96,148,5.8429,5.8653727,0.02247269999999979
charge_radius,96,149,5.8475,5.8481026,0.0006025999999996756
charge_radius,96,150,5.8562,5.8597646,0.003564599999999807
charge_radius,96,152,5.8687,5.8800087,0.011308700000000727
be2,12,12,0.008744,0.008007434,-0.0007365659999999993
be2,12,14,0.006272,0.006903238,0.0006312380000000001
be2,12,16,0.00732,0.012145991,0.004825991
be2,12,18,0.00546,0.006564491,0.0011044910000000008
be2,12,20,0.00868,0.003039483,-0.005640517
be2,12,22,0.01146,0.0059841117,-0.0054758883
be2,12,24,0.0105912618435544,0.008179809,-0.0024114528435543996
be2,14,12,0.00688,0.003306672,-0.0035733279999999997
be2,14,14,0.006534,0.0040963255,-0.0024376744999999997
be2,14,16,0.004162,0.0046361457,0.0004741457000000003
be2,14,18,0.00244,0.0023718823,-6.811769999999972e-05
be2,14,20,0.0017,0.0026642578,0.0009642578000000001
be2,14,22,0.00386,0.007544106,0.003684106
be2,14,24,0.00386,0.013300257,0.009440256999999999
be2,14,26,0.0086,0.004467696,-0.004132304
be2,16,12,0.00362,0.007088488,0.0034684880000000005
be2,16,14,0.00648,0.0044429973,-0.0020370026999999994
be2,16,16,0.005916,0.0056669954,-0.0002490045999999999
be2,16,18,0.004166,0.0029054242,-0.0012605758000000006
be2,16,20,0.001772,0.0045833476,0.0028113476
be2,16,22,0.0047,0.010825269,0.006125269
be2,16,24,0.00668,0.008043944,0.0013639440000000006
be2,16,26,0.00794,0.0059811897,-0.001958810299999999
be2,16,28,0.00628,0.0015909867,-0.0046890133
be2,18,14,0.00532,0.0058150804,0.0004950804000000003
be2,18,16,0.00464,0.006618041,0.001978041
be2,18,18,0.00602,0.0031082493,-0.0029117507
be2,18,20,0.00249,0.003964177,0.0014741770000000001
be2,18,22,0.00664,0.0106378,0.003997799999999999
be2,18,24,0.0084,0.00814421,-0.0002557899999999988
be2,18,26,0.00716,0.008658483,0.001498483
be2,18,28,0.00486,0.0037284167,-0.0011315833
be2,18,30,0.00692,0.0016204012,-0.0052995988
be2,20,18,0.00194,0.0025582302,0.0006182301999999998
be2,20,20,0.001848,0.0021297764,0.0002817764
be2,20,22,0.00738,0.0037382625,-0.0036417375
be2,20,24,0.00934,0.0031298401,-0.0062101599
be2,20,26,0.00336,0.0037391626,0.00037916259999999993
be2,20,28,0.00184,0.0038397557,0.0019997557
be2,20,30,0.000746,0.004451814,0.003705814
be2,21,21,0.0083251116227162,0.0022517333,-0.0060733783227162
be2,22,20,0.0172,0.003645429,-0.013554571
be2,22,22,0.0136,0.012914933,-0.0006850669999999993
be2,22,24,0.01902,0.013497147,-0.0055228529999999994
be2,22,26,0.01324,0.014839983,0.0015999829999999993
be2,22,28,0.0055,0.009532231,0.004032231000000001
be2,22,30,0.01206,0.010195136,-0.001864863999999999
be2,22,32,0.00714,0.011496747,0.004356747
be2,22,34,0.012,0.011598412,-0.0004015879999999996
be2,24,22,0.0186,0.032092582,0.013492582000000003
be2,24,24,0.0274,0.034219075,0.006819075000000001
be2,24,26,0.02104,0.025280004,0.004240003999999999
be2,24,28,0.01244,0.008684759,-0.0037552409999999994
be2,24,30,0.01706,0.012724369,-0.0043356309999999995
be2,24,32,0.011,0.014527843,0.003527843000000001
be2,24,34,0.0194,0.01576538,-0.0036346200000000016
be2,24,36,0.0242,0.01838904,-0.00581096
be2,24,38,0.0346,0.02454022,-0.010059779999999997
be2,24,40,0.0312,0.03701158,0.005811580000000004
be2,25,25,0.0152087872358371,0.019895285,0.004686497764162899
be2,26,24,0.028448091232501,0.025702098,-0.0027459932325009997
be2,26,26,0.0163711522548715,0.029496169,0.0131250167451285
be2,26,28,0.01216,0.009525329,-0.002634671
be2,26,30,0.01962,0.016882006,-0.002737993999999997
be2,26,32,0.0244,0.022021038,-0.002378962000000002
be2,26,34,0.01876,0.018951686,0.00019168599999999994
be2,26,36,0.0204,0.01929847,-0.0011015299999999999
be2,26,38,0.0346,0.029880999,-0.0047190010000000004
be2,26,40,0.0304,0.026540212,-0.0038597879999999994
be2,26,42,0.0356,0.03349889,-0.0021011099999999963
be2,28,26,0.0122,0.01763189,0.00543189
be2,28,28,0.00906,0.013281037,0.004221037
be2,28,30,0.013,0.01022979,-0.0027702099999999986
be2,28,32,0.01832,0.011384143,-0.006935857
be2,28,34,0.01778,0.008144123,-0.009635877000000001
be2,28,36,0.01348,0.011852978,-0.0016270220000000005
be2,28,38,0.012,0.011511828,-0.00048817200000000026
be2,28,40,0.00522,0.011459058,0.006239058
be2,28,42,0.0172,0.013105625,-0.004094375000000001
be2,28,46,0.0128,0.004503483,-0.008296517
be2,30,32,0.02448,0.014309572,-0.010170427999999999
be2,30,34,0.02988,0.02104719,-0.00883281
be2,30,36,0.0274,0.023051664,-0.004348336000000001
be2,30,38,0.02398,0.033146955,0.009166954999999997
be2,30,40,0.0302,0.036880787,0.006680786999999997
be2,30,42,0.0376,0.047446083,0.009846082999999999
be2,30,44,0.039,0.036726836,-0.002273164000000001
be2,30,46,0.0289999999999999,0.021851398,-0.0071486019999999
be2,30,48,0.0154,0.018854313,0.0034543130000000005
be2,30,50,0.0146,0.012187393,-0.0024126070000000006
be2,31,33,0.0010188287999999,0.028865559,0.0278467302000001
be2,32,32,0.0416,0.01996408,-0.02163592
be2,32,34,0.0268,0.028065918,0.0012659179999999978
be2,32,36,0.02484,0.043474685,0.018634684999999998
be2,32,38,0.0358,0.061784856,0.025984856
be2,32,40,0.04174,0.06562936,0.02388936
be2,32,42,0.0612,0.08483634,0.02363634
be2,32,44,0.0547,0.046103906,-0.008596093999999999
be2,32,46,0.0444,0.033376984,-0.011023016000000004
be2,32,48,0.0278,0.022483975,-0.0053160249999999985
be2,32,50,0.0242,0.0143413395,-0.0098586605
be2,34,34,0.0422,0.031870354,-0.010329646000000005
be2,34,36,0.0338,0.056952223,0.023152223000000006
be2,34,38,0.0379,0.08101632,0.04311632
be2,34,40,0.0714,0.07645011,0.0050501099999999965
be2,34,42,0.0864,0.092191584,0.0057915839999999885
be2,34,44,0.0686,0.061926574,-0.006673425999999996
be2,34,46,0.05042,0.040057782,-0.010362218
be2,34,48,0.0366,0.020354973,-0.016245027000000002
be2,34,50,0.021,0.011456686,-0.009543314
be2,34,52,0.0428421556052645,0.0103274025,-0.0325147531052645
be2,35,35,0.0291317172702267,0.034661427,0.0055297097297733015
be2,36,36,0.0932,0.056943186,-0.036256814000000005
be2,36,38,0.1254,0.113901675,-0.011498325000000018
be2,36,40,0.1516,0.10813461,-0.043465390000000007
be2,36,42,0.1268,0.15124428,0.024444280000000013
be2,36,44,0.0762,0.085582204,0.009382203999999991
be2,36,46,0.04502,0.05206146,0.007041459999999999
be2,36,48,0.02536,0.026740856,0.0013808559999999998
be2,36,50,0.02112,0.018597782,-0.0025222179999999997
be2,36,52,0.0179,0.03352521,0.01562521
be2,36,54,0.0308,0.036503207,0.005703207000000002
be2,36,56,0.04146,0.047058225,0.005598225000000005
be2,36,58,0.0494,0.08459869,0.035198690000000005
be2,36,60,0.0872,0.1133968,0.026196800000000006
be2,38,38,0.216,0.10099231,-0.11500769
be2,38,40,0.194,0.12470236,-0.06929764000000001
be2,38,42,0.1818,0.11913862,-0.06266137999999999
be2,38,44,0.101,0.09266288,-0.008337120000000003
be2,38,46,0.0584,0.049189813,-0.009210187000000002
be2,38,48,0.02682,0.025317205,-0.0015027950000000012
be2,38,50,0.01806,0.023866855,0.005806855
be2,38,52,0.0204,0.03180694,0.011406939999999997
be2,38,54,0.019,0.045606744,0.026606743999999998
be2,38,56,0.0198,0.049321406,0.029521405999999997
be2,38,58,0.0462,0.09440017,0.04820017000000001
be2,38,60,0.248,0.12403864,-0.12396135999999999
be2,38,62,0.244,0.20585446,-0.038145540000000006
be2,40,42,0.182,0.11763327,-0.06436673
be2,40,44,0.0874,0.07867277,-0.008727230000000002
be2,40,46,0.0314,0.048054367,0.016654367000000003
be2,40,48,0.0172,0.023608025,0.006408025000000001
be2,40,50,0.01254,0.020528644,0.007988643999999998
be2,40,52,0.016,0.019384587,0.0033845870000000014
be2,40,54,0.01258,0.031160843,0.018580843
be2,40,56,0.00628,0.05501727,0.04873727
be2,40,58,0.0778309880556588,0.06139341,-0.0164375780556588
be2,40,60,0.222,0.0944418,-0.1275582
be2,40,62,0.27,0.13322778,-0.13677222000000003
be2,40,64,0.3916,0.1549412,-0.2366588
be2,40,66,0.31,0.17039748,-0.13960252
be2,42,46,0.0355730775120372,0.06553693,0.029963852487962794
be2,42,50,0.0195,0.02610375,0.0066037499999999985
be2,42,52,0.04144,0.029864714,-0.011575285999999997
be2,42,54,0.0555,0.040945224,-0.014554775999999998
be2,42,56,0.0539,0.04511653,-0.008783470000000002
be2,42,58,0.106,0.078344144,-0.027655855999999993
be2,42,60,0.1952,0.16715464,-0.02804536000000002
be2,42,62,0.256,0.2147226,-0.04127739999999999
be2,42,64,0.258,0.2687134,0.010713399999999984
be2,42,66,0.348,0.2031677,-0.14483229999999997
be2,44,52,0.04758,0.043693956,-0.0038860439999999982
be2,44,54,0.0802,0.05052509,-0.029674909999999992
be2,44,56,0.09854,0.088854864,-0.009685135999999997
be2,44,58,0.1264,0.09533818,-0.031061820000000018
be2,44,60,0.1652,0.1995222,0.0343222
be2,44,62,0.2148,0.20673132,-0.008068679999999995
be2,44,64,0.1788,0.21653874,0.03773874000000002
be2,44,66,0.2142,0.26551986,0.051319859999999995
be2,44,68,0.2214,0.24938764,0.02798763999999998
be2,46,52,0.0104669259798989,0.061472863,0.0510059370201011
be2,46,54,0.0694,0.037996575,-0.031403425000000006
be2,46,56,0.092,0.043911733,-0.048088267
be2,46,58,0.1058,0.10286595,-0.0029340500000000075
be2,46,60,0.132,0.12194665,-0.010053350000000003
be2,46,62,0.1528,0.14404052,-0.008759479999999986
be2,46,64,0.173,0.1565213,-0.016478699999999985
be2,46,66,0.128,0.19350529,0.06550529
be2,46,68,0.166,0.17536265,0.00936265
be2,46,70,0.1139999999999999,0.123507805,0.009507805000000105
be2,48,52,0.056,0.020910613,-0.035089387
be2,48,54,0.0514,0.0452985,-0.006101500000000003
be2,48,56,0.0674,0.04544302,-0.02195698
be2,48,58,0.0814,0.063996546,-0.017403454
be2,48,60,0.0838,0.11540707,0.03160707
be2,48,62,0.0852,0.14039972,0.05519972000000001
be2,48,64,0.1002,0.12235859,0.022158590000000006
be2,48,66,0.1072,0.12250407,0.015304070000000003
be2,48,68,0.1159999999999999,0.11153975,-0.004460249999999902
be2,48,70,0.1156,0.09000456,-0.025595439999999997
be2,48,72,0.0946,0.090866715,-0.003733285000000003
be2,48,74,0.088,0.07790139,-0.010098609999999994
be2,48,76,0.0699999999999999,0.07994175,0.00994175000000011
be2,48,78,0.0526,0.046651203,-0.005948796999999999
be2,50,54,0.0352,0.031104365,-0.004095635000000004
be2,50,56,0.0418,0.02234422,-0.019455779999999995
be2,50,58,0.0448,0.041717827,-0.0030821730000000006
be2,50,60,0.0462,0.06174667,0.015546669999999999
be2,50,62,0.0464,0.0452704,-0.0011295999999999945
be2,50,64,0.043,0.044200256,0.0012002560000000037
be2,50,66,0.04124,0.038702004,-0.0025379960000000007
be2,50,68,0.0414,0.037534963,-0.0038650370000000017
be2,50,70,0.0395,0.02941417,-0.01008583
be2,50,72,0.03774,0.026321422,-0.011418578000000002
be2,50,74,0.03244,0.015946154,-0.016493845999999996
be2,50,76,0.02538,0.02621762,0.0008376200000000007
be2,50,78,0.01542,0.012023188,-0.003396811999999999
be2,50,80,0.0046,0.028847972,0.024247972
be2,50,82,0.0236,0.016516585,-0.007083414999999999
be2,50,84,0.0058,0.017888248,0.012088248
be2,52,56,0.0774,0.04564122,-0.03175877999999999
be2,52,60,0.092,0.11388348,0.021883479999999997
be2,52,62,0.1112,0.12942705,0.018227049999999995
be2,52,66,0.1139999999999999,0.124883786,0.010883786000000104
be2,52,68,0.137,0.121086314,-0.01591368600000001
be2,52,70,0.13,0.089609906,-0.040390094
be2,52,72,0.112,0.08738066,-0.024619340000000003
be2,52,74,0.09476,0.08919847,-0.005561529999999995
be2,52,76,0.076,0.08616835,0.010168350000000007
be2,52,78,0.0592,0.07005493,0.010854929999999999
be2,52,80,0.0414,0.07171398,0.030313979999999997
be2,52,82,0.02068,0.030440733,0.009760733
be2,52,84,0.0244,0.047533132,0.023133131999999997
be2,54,60,0.1942,0.26842287,0.07422286999999997
be2,54,62,0.2422,0.27627957,0.034079569999999976
be2,54,64,0.2766,0.260992,-0.01560800000000001
be2,54,66,0.3478,0.3105936,-0.03720639999999997
be2,54,68,0.2698,0.2747283,0.004928299999999997
be2,54,70,0.2144,0.20169416,-0.012705839999999996
be2,54,72,0.1652,0.21481761,0.04961760999999998
be2,54,74,0.158,0.17734003,0.019340030000000008
be2,54,76,0.1268,0.16189098,0.035090979999999994
be2,54,78,0.0936,0.12765507,0.03405507000000001
be2,54,80,0.0634,0.07411299,0.010712990000000006
be2,54,82,0.0434,0.038412932,-0.004987068000000004
be2,54,84,0.076,0.050114337,-0.025885662999999996
be2,54,86,0.1044,0.086244956,-0.01815504400000001
be2,54,88,0.1379999999999999,0.12796716,-0.010032839999999904
be2,54,90,0.146,0.20771265,0.06171265000000001
be2,56,66,0.4679999999999999,0.4241855,-0.04381449999999992
be2,56,68,0.4192,0.4363009,0.017100899999999974
be2,56,70,0.348,0.29755345,-0.05044654999999998
be2,56,72,0.2882,0.30541727,0.017217270000000007
be2,56,74,0.2276,0.25462306,0.027023060000000015
be2,56,76,0.1694,0.22068532,0.051285319999999995
be2,56,78,0.133,0.11127401,-0.02172599
be2,56,80,0.0826,0.07105618,-0.01154382000000001
be2,56,82,0.046,0.03370208,-0.012297919999999997
be2,56,84,0.0968,0.056939453,-0.039860546999999996
be2,56,86,0.1352,0.12142564,-0.013774359999999986
be2,56,88,0.2024,0.18397146,-0.018428539999999993
be2,56,90,0.27,0.38205332,0.11205331999999996
be2,58,66,0.7000000000000001,0.85794526,0.15794525999999998
be2,58,68,0.73,0.81297463,0.08297463000000005
be2,58,70,0.454,0.602981,0.14898099999999997
be2,58,72,0.351,0.57584375,0.22484375
be2,58,74,0.338,0.33558458,-0.0024154200000000015
be2,58,76,0.2124,0.3255314,0.11313140000000002
be2,58,78,0.162,0.16302678,0.001026780000000005
be2,58,80,0.0934,0.08794295,-0.005457049999999991
be2,58,82,0.06,0.025119502,-0.034880497999999996
be2,58,84,0.09144,0.089991555,-0.0014484449999999927
be2,58,86,0.192,0.15103789,-0.040962109999999996
be2,58,88,0.194,0.29166046,0.09766046
be2,58,90,0.404,0.48003948,0.07603947999999999
be2,58,92,0.6360000000000001,0.53819096,-0.09780904000000012
be2,58,94,1.1800000000000002,0.5759152,-0.6040848000000002
be2,60,70,0.78,0.6729853,-0.10701470000000002
be2,60,72,0.7160000000000001,0.60014546,-0.11585454000000006
be2,60,74,0.3758,0.46150893,0.08570892999999996
be2,60,76,0.332,0.33158496,-0.00041504000000003316
be2,60,80,0.144,0.09121664,-0.05278335999999999
be2,60,82,0.053,0.02376405,-0.02923595
be2,60,84,0.1008,0.06258396,-0.03821604000000001
be2,60,86,0.1496,0.1346187,-0.014981300000000003
be2,60,88,0.2676,0.2867118,0.019111800000000012
be2,60,90,0.5414,0.5183378,-0.023062200000000033
be2,60,92,0.82,0.7333567,-0.08664329999999998
be2,60,94,0.47,1.2149163,0.7449163000000001
be2,62,72,0.828,0.6551908,-0.1728092
be2,62,74,0.542,0.55364573,0.01164572999999991
be2,62,76,0.26,0.40644434,0.14644434
be2,62,78,0.2106,0.25045085,0.03985084999999999
be2,62,80,0.1399999999999999,0.08360391,-0.0563960899999999
be2,62,82,0.0518,0.020632071,-0.031167929
be2,62,84,0.048,0.08609279,0.03809279
be2,62,86,0.1426,0.13856995,-0.004030050000000007
be2,62,88,0.2694,0.32155403,0.05215403000000002
be2,62,90,0.6922200000000001,0.5991851,-0.09303490000000003
be2,62,92,0.869,0.84337217,-0.025627830000000018
be2,62,94,1.4400000000000002,1.0278106,-0.41218940000000015
be2,64,74,0.436,0.42409986,-0.011900140000000003
be2,64,82,0.0026942771278923,0.037001472,0.0343071948721077
be2,64,84,0.0456,0.0684783,0.022878300000000004
be2,64,88,0.331,0.22989133,-0.10110867000000001
be2,64,90,0.7744,0.41284922,-0.36155077999999996
be2,64,92,0.94,0.68274623,-0.25725376999999994
be2,64,94,1.018,0.7609534,-0.2570466
be2,64,96,1.0366,0.9547461,-0.08185389999999992
be2,64,98,1.1,1.2105432,0.11054319999999995
be2,64,100,1.058,0.8859377,-0.1720623
be2,66,86,0.086,0.1725549,0.08655490000000002
be2,66,88,0.484,0.27847517,-0.20552483
be2,66,90,0.7440000000000001,0.5637105,-0.1802895000000001
be2,66,92,0.932,0.91711223,-0.014887770000000078
be2,66,94,1.0098,1.0591619,0.04936190000000007
be2,66,96,1.0454,1.1773162,0.13191619999999982
be2,66,98,1.1232,1.2460551,0.1228551
be2,68,88,0.329,0.23344837,-0.09555163000000003
be2,68,90,0.682,0.5379858,-0.1440142000000001
be2,68,92,0.868,0.7824709,-0.08552910000000002
be2,68,94,1.008,0.8608249,-0.1471751
be2,68,96,1.1,1.0224885,-0.07751150000000018
be2,68,98,1.1496000000000002,1.301863,0.15226299999999982
be2,68,100,1.1446,1.1607137,0.01611370000000001
be2,68,102,1.1676,1.3133761,0.14577609999999996
be2,70,88,0.368,0.28613108,-0.08186892000000001
be2,70,90,0.488,0.6379397,0.1499397
be2,70,92,0.6940000000000001,0.7645305,0.07053049999999994
be2,70,94,0.8660000000000001,0.8725364,0.006536399999999887
be2,70,96,1.04,0.94898677,-0.09101323000000006
be2,70,98,1.15,1.1837068,0.03370680000000004
be2,70,100,1.1442,1.0937359,-0.05046410000000012
be2,70,102,1.218,1.356051,0.13805099999999992
be2,70,104,1.17,1.4435925,0.2735925000000001
be2,70,106,1.0378,1.4312185,0.3934184999999999
be2,71,99,0.9118133459503168,0.23157942,-0.6802339259503168
be2,72,90,0.268,0.5166748,0.24867479999999997
be2,72,92,0.364,0.6183318,0.2543318
be2,72,94,0.6920000000000001,0.6876337,-0.004366300000000045
be2,72,96,0.8786,0.7490186,-0.12958140000000007
be2,72,98,1.022,0.96043,-0.061570000000000014
be2,72,100,1.154,0.89370257,-0.26029742999999994
be2,72,102,1.076,1.0519619,-0.024038100000000062
be2,72,104,1.084,0.8484734,-0.23552660000000003
be2,72,106,0.9472,1.1701506,0.2229505999999999
be2,72,108,0.9294,0.9028611,-0.026538900000000032
be2,74,88,0.1573720923663459,0.4484942,0.2911221076336541
be2,74,90,0.7358523177141455,0.50882435,-0.22702796771414546
be2,74,94,0.6440000000000001,0.7153131,0.07131309999999991
be2,74,96,0.7000000000000001,0.8092125,0.10921249999999993
be2,74,98,1.0726000000000002,0.93271065,-0.13988935000000025
be2,74,100,0.876,0.92247224,0.046472240000000054
be2,74,102,0.9906,0.95860744,-0.03199256000000006
be2,74,104,0.9104,1.1177987,0.20739870000000005
be2,74,106,0.8300000000000001,1.0871792,0.25717919999999994
be2,74,108,0.8246000000000001,0.87943137,0.054831369999999935
be2,74,110,0.7412000000000001,0.89505273,0.15385272999999988
be2,74,112,0.7000000000000001,0.5343391,-0.1656609000000001
be2,74,114,0.542,0.2175888,-0.3244112
be2,76,96,0.656,0.63798285,-0.018017150000000037
be2,76,98,0.91,0.76327837,-0.14672163000000005
be2,76,100,0.6400000000000001,0.7442161,0.10421609999999992
be2,76,102,0.8240000000000001,0.81137407,-0.012625930000000118
be2,76,104,0.8140000000000001,0.9934031,0.17940309999999993
be2,76,106,0.7792,0.7222154,-0.05698460000000005
be2,76,108,0.6428,0.7893666,0.1465666
be2,76,110,0.6128,0.6537473,0.04094730000000002
be2,76,112,0.5,0.574221,0.07422099999999998
be2,76,114,0.4708,0.17254291,-0.29825709
be2,76,116,0.4059999999999999,0.47990668,0.07390668000000006
be2,76,118,0.3001934868457423,0.40312636,0.1029328731542577
be2,78,98,0.51,0.74006367,0.23006366999999994
be2,78,100,0.8480000000000001,0.6951348,-0.15286520000000003
be2,78,102,0.932,0.8150686,-0.11693140000000002
be2,78,104,0.6920000000000001,0.69942886,0.007428859999999982
be2,78,106,0.758,0.7319757,-0.0260243
be2,78,108,0.6080000000000001,0.6218979,0.013897899999999908
be2,78,110,0.52,0.61925703,0.09925702999999997
be2,78,112,0.3708,0.5399677,0.16916770000000003
be2,78,114,0.388,0.5128476,0.12484759999999995
be2,78,116,0.3262,0.4285902,0.10239019999999999
be2,78,118,0.2802,0.4882806,0.2080806
be2,78,120,0.2144,0.44359583,0.22919583000000002
be2,80,100,0.29,0.2605967,-0.029403299999999966
be2,80,102,0.3354,0.24988759,-0.08551240999999998
be2,80,104,0.3246,0.37766808,0.05306808000000002
be2,80,106,0.294,0.31193995,0.017939950000000038
be2,80,108,0.344,0.24661489,-0.09738510999999997
be2,80,110,0.291969235948371,0.24769846,-0.04427077594837098
be2,80,114,0.2047986676925397,0.26397252,0.05917385230746028
be2,80,116,0.2286,0.11305994,-0.11554006
be2,80,118,0.19224,0.15563056,-0.03660943999999999
be2,80,120,0.171,0.16370407,-0.007295930000000006
be2,80,122,0.123,0.075088456,-0.047911544
be2,80,124,0.0848,0.015004252,-0.069795748
be2,80,126,1.951221186651492e-06,0.11235489,0.11235293877881335
be2,82,104,0.038,0.021187097,-0.016812903
be2,82,106,0.051,0.008254577,-0.042745423
be2,82,114,4.395833456588733e-07,0.13106982,0.13106938041665434
be2,82,122,0.03174,0.009380703,-0.022359296999999997
be2,82,124,0.01978,0.014756527,-0.005023472999999999
be2,82,126,0.0574,6.233489e-05,-0.05733766511
be2,82,128,0.0102,0.00030579447,-0.00989420553
be2,84,110,0.5980000000000001,0.15983866,-0.43816134000000007
be2,84,112,0.318,0.13830224,-0.17969776
be2,84,116,0.2112029708382104,0.17001092,-0.0411920508382104
be2,84,118,0.232328351455666,0.26811352,0.035785168544334
be2,84,126,0.004,0.0014924696,-0.0025075304
be2,84,128,0.019297485186351,0.01037328,-0.008924205186351
be2,86,116,0.2,0.2177618,0.017761799999999994
be2,86,118,0.302,0.26629114,-0.03570886000000001
be2,86,128,0.0002433071030278,0.110106476,0.10986316889697219
be2,86,132,0.1792488064189652,0.32659414,0.14734533358103477
be2,86,134,0.3744,0.2012591,-0.17314090000000001
be2,86,136,0.472,0.16532122,-0.30667878
be2,88,130,0.2,0.09085663,-0.10914337000000002
be2,88,134,0.902,0.7579967,-0.14400330000000006
be2,88,136,0.798,1.105259,0.30725899999999995
be2,88,138,1.032,0.9383047,-0.09369530000000004
be2,88,140,1.1960000000000002,0.96484804,-0.23115196000000016
be2,90,132,0.596,0.28210095,-0.31389904999999996
be2,90,134,0.792,1.028155,0.2361549999999999
be2,90,136,1.364,1.3909386,0.026938599999999813
be2,90,138,1.41,1.7783718,0.3683718
be2,90,140,1.628,1.9170926,0.28909260000000003
be2,90,142,1.804,1.7556657,-0.04833430000000005
be2,90,144,1.584,1.514162,-0.06983800000000007
be2,92,138,1.9,1.7799058,-0.12009419999999982
be2,92,140,1.982,1.9842575,0.0022575000000000234
be2,92,142,2.044,2.8565965,0.8125965000000002
be2,92,144,2.192,2.2335846,0.04158459999999975
be2,92,146,2.438,1.7366325,-0.7013675000000001
be2,94,144,2.452,2.679645,0.22764499999999988
be2,94,146,2.6260000000000003,3.8518946,1.2258945999999997
be2,94,148,2.802,2.063012,-0.738988
be2,94,150,2.722,1.9243085,-0.7976915
be2,96,144,2.8520000000000003,3.182361,0.3303609999999999
be2,96,148,2.9160000000000004,3.3583674,0.44236739999999974
be2,96,150,2.988,2.6696548,-0.3183452
be2,96,152,2.886,2.0529032,-0.8330968000000003
be2,98,152,3.2,3.626037,0.426037
be2,98,154,3.34,0.97004354,-2.36995646
