z,n,a,symbol,measurement_e2_b2,stl_oof_prediction_e2_b2,stl_oof_seed_std_e2_b2,stl_oof_model_count
12,12,24,Mg,0.008744,0.017761335,0.0085106185,4
12,14,26,Mg,0.006272,0.010107501,0.00043088748,4
12,16,28,Mg,0.00732,0.006070474,0.00025434812,4
12,18,30,Mg,0.00546,0.010708229,0.0021326912,4
12,20,32,Mg,0.00868,0.0025756396,0.0008827394,4
12,22,34,Mg,0.01146,0.008931596,0.0015138366,4
12,24,36,Mg,0.01059126184,0.018213702,0.002676586,4
14,12,26,Si,0.00688,0.0023736937,0.0001826324,4
14,14,28,Si,0.006534,0.004154315,0.0020349694,4
14,16,30,Si,0.004162,0.0027768232,0.0011976856,4
14,18,32,Si,0.00244,0.0038622802,0.00085640606,4
14,20,34,Si,0.0017,0.005546274,0.0012189851,4
14,22,36,Si,0.00386,0.0061662016,0.0008669743,4
14,24,38,Si,0.00386,0.007938275,0.0016641497,4
14,26,40,Si,0.0086,0.0042883856,0.0017845071,4
16,12,28,S,0.00362,0.0074402196,0.0012773168,4
16,14,30,S,0.00648,0.0057569356,0.00043340412,4
16,16,32,S,0.005916,0.00439522,0.00028761956,4
16,18,34,S,0.004166,0.0055551557,0.0017281802,4
16,20,36,S,0.001772,0.007879823,0.004083512,4
16,22,38,S,0.0047,0.0066919387,0.00011383661,4
16,24,40,S,0.00668,0.0063164504,0.0017312146,4
16,26,42,S,0.00794,0.009926248,0.00037022974,4
16,28,44,S,0.00628,0.003793469,0.0008899608,4
18,14,32,Ar,0.00532,0.005394294,0.00038809722,4
18,16,34,Ar,0.00464,0.0063544954,0.0004935849,4
18,18,36,Ar,0.00602,0.0039046244,0.0001728182,4
18,20,38,Ar,0.00249,0.009166236,0.0016371121,4
18,22,40,Ar,0.00664,0.006040148,0.0005972024,4
18,24,42,Ar,0.0084,0.0075939684,0.00087125326,4
18,26,44,Ar,0.00716,0.008145261,0.00030337056,4
18,28,46,Ar,0.00486,0.0034249285,0.00083372416,4
18,30,48,Ar,0.00692,0.0026781145,0.0014376111,4
20,18,38,Ca,0.00194,0.0018271613,0.00019339717,4
20,20,40,Ca,0.001848,0.00031676778,0.00010860587,4
20,22,42,Ca,0.00738,0.0029612083,0.0009492441,4
20,24,44,Ca,0.00934,0.004861193,0.0010623247,4
20,26,46,Ca,0.00336,0.007981379,0.0022214013,4
20,28,48,Ca,0.00184,0.002502084,0.00039141075,4
20,30,50,Ca,0.000746,0.0036967576,0.00030901676,4
21,21,42,Sc,0.008325111623,0.011545039,0.0041014263,4
22,20,42,Ti,0.0172,0.014789227,0.0009533406,4
22,22,44,Ti,0.0136,0.011889448,0.0020221965,4
22,24,46,Ti,0.01902,0.022956887,0.004137337,4
22,26,48,Ti,0.01324,0.010410931,0.0024005612,4
22,28,50,Ti,0.0055,0.008969333,0.00042150094,4
22,30,52,Ti,0.01206,0.013840045,0.006708172,4
22,32,54,Ti,0.00714,0.012709336,0.0010855254,4
22,34,56,Ti,0.012,0.012487477,0.00092738564,4
24,22,46,Cr,0.0186,0.022614297,0.0015372072,4
24,24,48,Cr,0.0274,0.024147628,0.0049788086,4
24,26,50,Cr,0.02104,0.020770885,0.00019801345,4
24,28,52,Cr,0.01244,0.009325415,0.0029776767,4
24,30,54,Cr,0.01706,0.014099628,0.0051916633,4
24,32,56,Cr,0.011,0.01687282,0.001017704,4
24,34,58,Cr,0.0194,0.022780526,0.0018291313,4
24,36,60,Cr,0.0242,0.027256232,0.0014971006,4
24,38,62,Cr,0.0346,0.029963415,0.0006479771,4
24,40,64,Cr,0.0312,0.02321359,0.0036179866,4
25,25,50,Mn,0.01520878724,0.0069361744,0.003884492,4
26,24,50,Fe,0.02844809123,0.029643303,0.0062598716,4
26,26,52,Fe,0.01637115225,0.021211462,0.0013609994,4
26,28,54,Fe,0.01216,0.011573501,0.00061014364,4
26,30,56,Fe,0.01962,0.027416026,0.010409177,4
26,32,58,Fe,0.0244,0.012090396,0.00056502497,4
26,34,60,Fe,0.01876,0.02032229,0.0010030647,4
26,36,62,Fe,0.0204,0.022937275,0.00022592353,4
26,38,64,Fe,0.0346,0.026879799,0.00024355367,4
26,40,66,Fe,0.0304,0.035404682,0.009203611,4
26,42,68,Fe,0.0356,0.037342526,0.0027060346,4
28,26,54,Ni,0.0122,0.01382491,0.0032643084,4
28,28,56,Ni,0.00906,0.011077769,0.00081955706,4
28,30,58,Ni,0.013,0.003211556,0.0013608108,4
28,32,60,Ni,0.01832,0.008694395,0.002052512,4
28,34,62,Ni,0.01778,0.012458117,0.00050252856,4
28,36,64,Ni,0.01348,0.011221912,0.0011233976,4
28,38,66,Ni,0.012,0.011069391,0.0009320034,4
28,40,68,Ni,0.00522,0.016043764,0.0011880461,4
28,42,70,Ni,0.0172,0.023270866,0.003298707,4
28,46,74,Ni,0.0128,0.022754688,0.0040539773,4
30,32,62,Zn,0.02448,0.03350585,0.0031257584,4
30,34,64,Zn,0.02988,0.025749901,0.0026989337,4
30,36,66,Zn,0.0274,0.024545629,0.00079863414,4
30,38,68,Zn,0.02398,0.0399779,0.0009501421,4
30,40,70,Zn,0.0302,0.050000295,0.0073781037,4
30,42,72,Zn,0.0376,0.05269914,0.0040397276,4
30,44,74,Zn,0.039,0.04643934,0.0057024835,4
30,46,76,Zn,0.029,0.027539007,0.0015807567,4
30,48,78,Zn,0.0154,0.013069368,0.0011944534,4
30,50,80,Zn,0.0146,0.011276053,0.0005834035,4
31,33,64,Ga,0.0010188288,0.012216692,0.00981536,4
32,32,64,Ge,0.0416,0.0358069,0.0021903815,4
32,34,66,Ge,0.0268,0.041415058,0.0030587355,4
32,36,68,Ge,0.02484,0.028110955,0.00051939976,4
32,38,70,Ge,0.0358,0.03670551,0.0009953484,4
32,40,72,Ge,0.04174,0.042398736,0.013124513,4
32,42,74,Ge,0.0612,0.04811863,0.0013018068,4
32,44,76,Ge,0.0547,0.051053166,0.0016159767,4
32,46,78,Ge,0.0444,0.03619222,0.001369928,4
32,48,80,Ge,0.0278,0.026653383,0.0017791303,4
32,50,82,Ge,0.0242,0.01584934,0.00021638557,4
34,34,68,Se,0.0422,0.03618152,0.003161617,4
34,36,70,Se,0.0338,0.037555728,0.0014154412,4
34,38,72,Se,0.0379,0.056444507,0.002280988,4
34,40,74,Se,0.0714,0.050392803,0.018102886,4
34,42,76,Se,0.0864,0.063273095,0.0026904196,4
34,44,78,Se,0.0686,0.069967285,0.0014858407,4
34,46,80,Se,0.05042,0.038071666,0.0019924147,4
34,48,82,Se,0.0366,0.03115297,0.002668448,4
34,50,84,Se,0.021,0.032816645,0.00054048316,4
34,52,86,Se,0.04284215561,0.028522829,0.0033080764,4
35,35,70,Br,0.02913171727,0.008869337,0.004533772,4
36,36,72,Kr,0.0932,0.059403073,0.0042390535,4
36,38,74,Kr,0.1254,0.0941441,0.0017888134,4
36,40,76,Kr,0.1516,0.10358457,0.00816147,4
36,42,78,Kr,0.1268,0.10990638,0.045802526,4
36,44,80,Kr,0.0762,0.09201637,0.0052350387,4
36,46,82,Kr,0.04502,0.03870979,0.00049894594,4
36,48,84,Kr,0.02536,0.026620204,0.0045513967,4
36,50,86,Kr,0.02112,0.01973101,0.0015605041,4
36,52,88,Kr,0.0179,0.024678005,0.0043927645,4
36,54,90,Kr,0.0308,0.026944447,0.0042781034,4
36,56,92,Kr,0.04146,0.030081175,0.00861019,4
36,58,94,Kr,0.0494,0.07177736,0.0032092822,4
36,60,96,Kr,0.0872,0.15637615,0.01484437,4
38,38,76,Sr,0.216,0.20477746,0.013196948,4
38,40,78,Sr,0.194,0.17742419,0.033377483,4
38,42,80,Sr,0.1818,0.1910564,0.030973535,4
38,44,82,Sr,0.101,0.09377568,0.005332337,4
38,46,84,Sr,0.0584,0.037782192,0.0007193458,4
38,48,86,Sr,0.02682,0.025960168,0.0037724164,4
38,50,88,Sr,0.01806,0.020616163,0.002793387,4
38,52,90,Sr,0.0204,0.021512281,0.0023226247,4
38,54,92,Sr,0.019,0.01599376,0.00052729686,4
38,56,94,Sr,0.0198,0.019931313,0.0028863852,4
38,58,96,Sr,0.0462,0.090127885,0.0035430065,4
38,60,98,Sr,0.248,0.14854868,0.026266355,4
38,62,100,Sr,0.244,0.30623543,0.026339043,4
40,42,82,Zr,0.182,0.15888265,0.026440987,4
40,44,84,Zr,0.0874,0.083218805,0.013027387,4
40,46,86,Zr,0.0314,0.044054367,0.0148364,4
40,48,88,Zr,0.0172,0.023956474,0.0012647897,4
40,50,90,Zr,0.01254,0.010240951,0.0010092249,4
40,52,92,Zr,0.016,0.013714943,0.005626465,4
40,54,94,Zr,0.01258,0.010322739,0.00045801405,4
40,56,96,Zr,0.00628,0.023602614,0.0020877842,4
40,58,98,Zr,0.007783098806,0.028465642,0.005838001,4
40,60,100,Zr,0.222,0.24906446,0.01921994,4
40,62,102,Zr,0.27,0.2961837,0.020659966,4
40,64,104,Zr,0.3916,0.24790466,0.04574389,4
40,66,106,Zr,0.31,0.15013884,0.025509235,4
42,46,88,Mo,0.03557307751,0.079670556,0.009871716,4
42,50,92,Mo,0.0195,0.02746629,0.0022572805,4
42,52,94,Mo,0.04144,0.03788558,0.023547905,4
42,54,96,Mo,0.0555,0.039106492,0.0033022966,4
42,56,98,Mo,0.0539,0.07367802,0.008279589,4
42,58,100,Mo,0.106,0.07821703,0.008547422,4
42,60,102,Mo,0.1952,0.16994756,0.002805347,4
42,62,104,Mo,0.256,0.25786594,0.012732771,4
42,64,106,Mo,0.258,0.27696154,0.021475965,4
42,66,108,Mo,0.348,0.19503689,0.026934655,4
44,52,96,Ru,0.04758,0.04325583,0.002807214,4
44,54,98,Ru,0.0802,0.08282553,0.0064774007,4
44,56,100,Ru,0.09854,0.10085733,0.0065292697,4
44,58,102,Ru,0.1264,0.11755398,0.004874435,4
44,60,104,Ru,0.1652,0.15533054,0.00412226,4
44,62,106,Ru,0.2148,0.17765859,0.001818646,4
44,64,108,Ru,0.1788,0.22693157,0.0036018516,4
44,66,110,Ru,0.2142,0.25839671,0.010189335,4
44,68,112,Ru,0.2214,0.23449358,0.011277774,4
46,52,98,Pd,0.01046692598,0.05405631,0.0088632,4
46,54,100,Pd,0.0694,0.07314748,0.0009776488,4
46,56,102,Pd,0.092,0.043278575,0.0071453312,4
46,58,104,Pd,0.1058,0.12425575,0.020595478,4
46,60,106,Pd,0.132,0.13017924,0.0042165318,4
46,62,108,Pd,0.1528,0.15196429,0.0022995682,4
46,64,110,Pd,0.173,0.13677493,0.013858092,4
46,66,112,Pd,0.128,0.16987894,0.0097629735,4
46,68,114,Pd,0.166,0.15723489,0.02370885,4
46,70,116,Pd,0.114,0.13881491,0.004636125,4
48,52,100,Cd,0.056,0.02545933,0.0033312095,4
48,54,102,Cd,0.0514,0.06431336,0.0040589455,4
48,56,104,Cd,0.0674,0.06448542,0.015644975,4
48,58,106,Cd,0.0814,0.07735555,0.0029389784,4
48,60,108,Cd,0.0838,0.08584071,0.0019059544,4
48,62,110,Cd,0.0852,0.10722375,0.0012057213,4
48,64,112,Cd,0.1002,0.12064694,0.004425119,4
48,66,114,Cd,0.1072,0.11079272,0.006425896,4
48,68,116,Cd,0.116,0.11474039,0.006616138,4
48,70,118,Cd,0.1156,0.108168535,0.006950954,4
48,72,120,Cd,0.0946,0.1001432,0.003470975,4
48,74,122,Cd,0.088,0.078920014,0.0011368348,4
48,76,124,Cd,0.07,0.05910245,0.00366967,4
48,78,126,Cd,0.0526,0.04749119,0.0018157699,4
50,54,104,Sn,0.0352,0.030023243,0.003200058,4
50,56,106,Sn,0.0418,0.032573912,0.002294086,4
50,58,108,Sn,0.0448,0.03904454,0.0012089782,4
50,60,110,Sn,0.0462,0.038096555,0.0016136266,4
50,62,112,Sn,0.0464,0.03582388,0.002535204,4
50,64,114,Sn,0.043,0.054057978,0.003331862,4
50,66,116,Sn,0.04124,0.03513013,0.0039106486,4
50,68,118,Sn,0.0414,0.054312445,0.0016686954,4
50,70,120,Sn,0.0395,0.034706287,0.004262266,4
50,72,122,Sn,0.03774,0.031713612,0.003204579,4
50,74,124,Sn,0.03244,0.04019822,0.003007173,4
50,76,126,Sn,0.02538,0.031538095,0.0028099786,4
50,78,128,Sn,0.01542,0.024505176,0.003505436,4
50,80,130,Sn,0.0046,0.015531343,0.0014009597,4
50,82,132,Sn,0.0236,0.0009955923,0.00016666901,4
50,84,134,Sn,0.0058,0.017849926,0.0022434038,4
52,56,108,Te,0.0774,0.099358074,0.02488313,4
52,60,112,Te,0.092,0.10252742,0.0007221199,4
52,62,114,Te,0.1112,0.103650786,0.0028868131,4
52,66,118,Te,0.114,0.15503916,0.012125995,4
52,68,120,Te,0.137,0.13473381,0.0067904033,4
52,70,122,Te,0.13,0.12615126,0.002471357,4
52,72,124,Te,0.112,0.11269199,0.0014203782,4
52,74,126,Te,0.09476,0.09066987,0.0024755495,4
52,76,128,Te,0.076,0.06809891,0.003651408,4
52,78,130,Te,0.0592,0.051227592,0.0019232272,4
52,80,132,Te,0.0414,0.033124574,0.0012300371,4
52,82,134,Te,0.02068,0.03296314,0.004863513,4
52,84,136,Te,0.0244,0.029486662,0.0020185113,4
54,60,114,Xe,0.1942,0.20651636,0.0054102377,4
54,62,116,Xe,0.2422,0.25407007,0.012107078,4
54,64,118,Xe,0.2766,0.22077824,0.015998026,4
54,66,120,Xe,0.3478,0.2536498,0.015620143,4
54,68,122,Xe,0.2698,0.2783565,0.013946371,4
54,70,124,Xe,0.2144,0.23495522,0.005420385,4
54,72,126,Xe,0.1652,0.18928897,0.003741271,4
54,74,128,Xe,0.158,0.16019645,0.004455432,4
54,76,130,Xe,0.1268,0.12292891,0.0016982632,4
54,78,132,Xe,0.0936,0.10151857,0.0019779818,4
54,80,134,Xe,0.0634,0.056381725,0.002810711,4
54,82,136,Xe,0.0434,0.045699805,0.005702604,4
54,84,138,Xe,0.076,0.05592702,0.008246656,4
54,86,140,Xe,0.1044,0.09141407,0.012057241,4
54,88,142,Xe,0.138,0.12640879,0.0058333674,4
54,90,144,Xe,0.146,0.19331375,0.0040659453,4
56,66,122,Ba,0.468,0.4295779,0.013773364,4
56,68,124,Ba,0.4192,0.44361386,0.011711333,4
56,70,126,Ba,0.348,0.35889286,0.0051439684,4
56,72,128,Ba,0.2882,0.28812408,0.0032061725,4
56,74,130,Ba,0.2276,0.2532342,0.0059880763,4
56,76,132,Ba,0.1694,0.18381712,0.0061050355,4
56,78,134,Ba,0.133,0.1359074,0.0053487653,4
56,80,136,Ba,0.0826,0.11055975,0.0048004277,4
56,82,138,Ba,0.046,0.06531758,0.0009763115,4
56,84,140,Ba,0.0968,0.07678447,0.004053024,4
56,86,142,Ba,0.1352,0.16146068,0.008506588,4
56,88,144,Ba,0.2024,0.15563992,0.009636604,4
56,90,146,Ba,0.27,0.25272524,0.009128041,4
58,66,124,Ce,0.7,0.6509698,0.04051482,4
58,68,126,Ce,0.73,0.57727367,0.021806877,4
58,70,128,Ce,0.454,0.48824257,0.03487202,4
58,72,130,Ce,0.351,0.48135394,0.0133402245,4
58,74,132,Ce,0.338,0.34659266,0.03104118,4
58,76,134,Ce,0.2124,0.23277304,0.011574014,4
58,78,136,Ce,0.162,0.18693629,0.006978029,4
58,80,138,Ce,0.0934,0.12942275,0.019261152,4
58,82,140,Ce,0.06,0.051818464,0.020159574,4
58,84,142,Ce,0.09144,0.08937395,0.035162967,4
58,86,144,Ce,0.192,0.16251805,0.010020595,4
58,88,146,Ce,0.194,0.29719734,0.018618979,4
58,90,148,Ce,0.404,0.40159672,0.02747609,4
58,92,150,Ce,0.636,0.50223327,0.045423407,4
58,94,152,Ce,1.18,0.5185461,0.044126898,4
60,70,130,Nd,0.78,0.57833064,0.06962102,4
60,72,132,Nd,0.716,0.47320306,0.022558318,4
60,74,134,Nd,0.3758,0.46304655,0.019569935,4
60,76,136,Nd,0.332,0.25658634,0.011185479,4
60,80,140,Nd,0.144,0.17732379,0.034772813,4
60,82,142,Nd,0.053,0.051503424,0.012586237,4
60,84,144,Nd,0.1008,0.09399336,0.008260194,4
60,86,146,Nd,0.1496,0.1669375,0.020513287,4
60,88,148,Nd,0.2676,0.32844654,0.05933903,4
60,90,150,Nd,0.5414,0.5682338,0.032777518,4
60,92,152,Nd,0.82,0.6139328,0.05931416,4
60,94,154,Nd,0.47,1.0675895,0.07624797,4
62,72,134,Sm,0.828,0.4420682,0.0286545,4
62,74,136,Sm,0.542,0.49405795,0.009871805,4
62,76,138,Sm,0.26,0.3140292,0.00541276,4
62,78,140,Sm,0.2106,0.18965831,0.046607666,4
62,80,142,Sm,0.14,0.084731236,0.007131206,4
62,82,144,Sm,0.0518,0.030800704,0.010585744,4
62,84,146,Sm,0.048,0.09044179,0.0055330102,4
62,86,148,Sm,0.1426,0.1555568,0.038999766,4
62,88,150,Sm,0.2694,0.51654327,0.15190524,4
62,90,152,Sm,0.69222,0.80342346,0.20287076,4
62,92,154,Sm,0.869,1.1468451,0.33868134,4
62,94,156,Sm,1.44,0.7637923,0.08945415,4
64,74,138,Gd,0.436,0.42435464,0.047457695,4
64,82,146,Gd,0.002694277128,0.08044175,0.0097973,4
64,84,148,Gd,0.0456,0.01383585,0.005517329,4
64,88,152,Gd,0.331,0.23297516,0.054393362,4
64,90,154,Gd,0.7744,0.45087478,0.041202858,4
64,92,156,Gd,0.94,0.8626096,0.056392174,4
64,94,158,Gd,1.018,1.0746205,0.047788657,4
64,96,160,Gd,1.0366,1.0574851,0.13988128,4
64,98,162,Gd,1.1,1.0661706,0.055531606,4
64,100,164,Gd,1.058,1.5293865,0.116885945,4
66,86,152,Dy,0.086,0.2786675,0.016837478,4
66,88,154,Dy,0.484,0.30884302,0.023196422,4
66,90,156,Dy,0.744,0.5356022,0.11568224,4
66,92,158,Dy,0.932,0.98324007,0.045636754,4
66,94,160,Dy,1.0098,1.0511075,0.09171831,4
66,96,162,Dy,1.0454,1.1763053,0.11016404,4
66,98,164,Dy,1.1232,1.1666638,0.10853382,4
68,88,156,Er,0.329,0.34596825,0.013554083,4
68,90,158,Er,0.682,0.6667663,0.08929024,4
68,92,160,Er,0.868,0.8416277,0.040654074,4
68,94,162,Er,1.008,0.833325,0.017584275,4
68,96,164,Er,1.1,1.0437618,0.040843677,4
68,98,166,Er,1.1496,1.3402936,0.11506345,4
68,100,168,Er,1.1446,1.2546276,0.07156388,4
68,102,170,Er,1.1676,1.413282,0.036419485,4
70,88,158,Yb,0.368,0.2521292,0.009942176,4
70,90,160,Yb,0.488,0.48825255,0.02088989,4
70,92,162,Yb,0.694,0.67463785,0.013614942,4
70,94,164,Yb,0.866,0.8722985,0.056216445,4
70,96,166,Yb,1.04,0.996962,0.025915902,4
70,98,168,Yb,1.15,1.1271554,0.045727927,4
70,100,170,Yb,1.1442,1.1717788,0.12101747,4
70,102,172,Yb,1.218,1.1630307,0.07502935,4
70,104,174,Yb,1.17,1.1862843,0.04142318,4
70,106,176,Yb,1.0378,1.1312593,0.036756355,4
71,99,170,Lu,0.911813346,0.023203965,0.010734373,4
72,90,162,Hf,0.268,0.3880671,0.04940473,4
72,92,164,Hf,0.364,0.5367173,0.018525247,4
72,94,166,Hf,0.692,0.70995826,0.071039155,4
72,96,168,Hf,0.8786,0.74914527,0.016804205,4
72,98,170,Hf,1.022,0.8856133,0.056589287,4
72,100,172,Hf,1.154,0.95234853,0.12994938,4
72,102,174,Hf,1.076,1.0074697,0.116206564,4
72,104,176,Hf,1.084,0.95595527,0.015248077,4
72,106,178,Hf,0.9472,0.88917184,0.09411355,4
72,108,180,Hf,0.9294,0.7673487,0.04960153,4
74,88,162,W,0.1573720924,0.29690254,0.0316704,4
74,90,164,W,0.7358523177,0.3056455,0.022204138,4
74,94,168,W,0.644,0.7552504,0.05077763,4
74,96,170,W,0.7,0.8283095,0.016402181,4
74,98,172,W,1.0726,0.8974658,0.06683267,4
74,100,174,W,0.876,0.8808386,0.14231938,4
74,102,176,W,0.9906,0.97549856,0.015875194,4
74,104,178,W,0.9104,1.0043389,0.015572097,4
74,106,180,W,0.83,0.9395541,0.04854656,4
74,108,182,W,0.8246,0.7957449,0.025805064,4
74,110,184,W,0.7412,0.767984,0.034446776,4
74,112,186,W,0.7,0.53223455,0.016838955,4
74,114,188,W,0.542,0.037078105,0.022203257,4
76,96,172,Os,0.656,0.63438046,0.01593225,4
76,98,174,Os,0.91,0.744589,0.044486232,4
76,100,176,Os,0.64,0.80373585,0.027496494,4
76,102,178,Os,0.824,0.8471564,0.014207299,4
76,104,180,Os,0.814,0.79828256,0.015247448,4
76,106,182,Os,0.7792,0.6747732,0.0107794795,4
76,108,184,Os,0.6428,0.7197072,0.029272584,4
76,110,186,Os,0.6128,0.64290136,0.056589957,4
76,112,188,Os,0.5,0.52659965,0.026158005,4
76,114,190,Os,0.4708,0.0006011564,0.00028026084,4
76,116,192,Os,0.406,0.3133966,0.016982729,4
76,118,194,Os,0.3001934868,0.41305345,0.04212266,4
78,98,176,Pt,0.51,0.83094084,0.03063619,4
78,100,178,Pt,0.848,0.6949434,0.110073626,4
78,102,180,Pt,0.932,0.6847018,0.009651406,4
78,104,182,Pt,0.692,0.7060571,0.0035903093,4
78,106,184,Pt,0.758,0.63346446,0.01735909,4
78,108,186,Pt,0.608,0.622888,0.034294993,4
78,110,188,Pt,0.52,0.51486427,0.03237155,4
78,112,190,Pt,0.3708,0.41283515,0.025836803,4
78,114,192,Pt,0.388,0.0019175822,0.0014012386,4
78,116,194,Pt,0.3262,0.3121062,0.028509578,4
78,118,196,Pt,0.2802,0.29429102,0.084703356,4
78,120,198,Pt,0.2144,0.104831144,0.042509984,4
80,100,180,Hg,0.29,0.26041114,0.044950545,4
80,102,182,Hg,0.3354,0.34444913,0.006101672,4
80,104,184,Hg,0.3246,0.39072588,0.02488939,4
80,106,186,Hg,0.294,0.39693487,0.103011675,4
80,108,188,Hg,0.344,0.24742445,0.021206288,4
80,110,190,Hg,0.2919692359,0.3521856,0.09591276,4
80,114,194,Hg,0.2047986677,2.3001545e-05,8.38451e-06,4
80,116,196,Hg,0.2286,0.19773637,0.0051424312,4
80,118,198,Hg,0.19224,0.09158875,0.023298813,4
80,120,200,Hg,0.171,0.017461512,0.010218068,4
80,122,202,Hg,0.123,0.017972274,0.010634111,4
80,124,204,Hg,0.0848,0.11413577,0.036162633,4
80,126,206,Hg,1.951221187e-06,0.011534355,0.0068353936,4
82,104,186,Pb,0.038,0.04909438,0.017406585,4
82,106,188,Pb,0.051,0.05755356,0.03148713,4
82,114,196,Pb,4.395833457e-07,0.0500433,0.010347507,4
82,122,204,Pb,0.03174,0.006805574,0.0012960157,4
82,124,206,Pb,0.01978,0.021934913,0.003964384,4
82,126,208,Pb,0.0574,2.2494246e-09,7.971214e-10,4
82,128,210,Pb,0.0102,0.00035213388,0.00012889324,4
84,110,194,Po,0.598,0.37156373,0.032894854,4
84,112,196,Po,0.318,0.20703086,0.16045024,4
84,116,200,Po,0.2112029708,0.34967318,0.017718099,4
84,118,202,Po,0.2323283515,0.20481367,0.03392411,4
84,126,210,Po,0.004,0.018796423,0.0066117044,4
84,128,212,Po,0.01929748519,0.026556982,0.006690858,4
86,116,202,Rn,0.2,0.20963374,0.042362295,4
86,118,204,Rn,0.302,0.16182509,0.0030627025,4
86,128,214,Rn,0.000243307103,0.048952416,0.011794868,4
86,132,218,Rn,0.1792488064,0.20148744,0.041465994,4
86,134,220,Rn,0.3744,0.35172996,0.0726438,4
86,136,222,Rn,0.472,0.6574771,0.1689424,4
88,130,218,Ra,0.2,0.10936347,0.020003814,4
88,134,222,Ra,0.902,0.521887,0.016924286,4
88,136,224,Ra,0.798,1.1273177,0.06022262,4
88,138,226,Ra,1.032,1.1481225,0.019239428,4
88,140,228,Ra,1.196,1.189999,0.107906155,4
90,132,222,Th,0.596,0.55767834,0.024615292,4
90,134,224,Th,0.792,1.3094094,0.06258082,4
90,136,226,Th,1.364,0.92188066,0.029039577,4
90,138,228,Th,1.41,1.5195174,0.062441353,4
90,140,230,Th,1.628,1.5104978,0.12561823,4
90,142,232,Th,1.804,0.17248116,0.062390048,4
90,144,234,Th,1.584,1.8063877,0.050323844,4
92,138,230,U,1.9,1.6927859,0.02508503,4
92,140,232,U,1.982,2.0898092,0.04581132,4
92,142,234,U,2.044,0.21656486,0.075496405,4
92,144,236,U,2.192,2.311282,0.054459505,4
92,146,238,U,2.438,2.0944452,0.03785966,4
94,144,238,Pu,2.452,2.6382613,0.058818232,4
94,146,240,Pu,2.626,2.8443167,0.0927516,4
94,148,242,Pu,2.802,2.55878,0.06149048,4
94,150,244,Pu,2.722,0.16266222,0.027608005,4
96,144,240,Cm,2.852,2.62786,0.050067067,4
96,148,244,Cm,2.916,3.2132382,0.028766789,4
96,150,246,Cm,2.988,0.18843864,0.040473018,4
96,152,248,Cm,2.886,2.183804,0.36724797,4
98,152,250,Cf,3.2,3.9229555,0.63915026,4
98,154,252,Cf,3.34,0.18639946,0.061939377,4
