z,n,a,symbol,measurement_fm,stl_oof_prediction_fm,stl_oof_seed_std_fm,stl_oof_model_count
11,11,22,Na,2.9852,3.4991267,0.03676487,4
11,12,23,Na,2.9936,3.0148463,0.0047416133,4
11,13,24,Na,2.9735,2.9742393,0.0016609008,4
11,14,25,Na,2.9769,3.0044427,0.003281648,4
11,15,26,Na,2.9928,3.0026891,0.0049152942,4
11,16,27,Na,3.0136,3.02931,0.010062599,4
11,17,28,Na,3.04,3.0388546,0.0051852926,4
11,18,29,Na,3.0922,3.079646,0.0024751283,4
11,19,30,Na,3.118,3.089664,0.002895339,4
11,20,31,Na,3.1704,3.0813024,0.005047508,4
12,12,24,Mg,3.057,3.0457506,0.0012850997,4
12,13,25,Mg,3.0284,3.0154772,0.005804001,4
12,14,26,Mg,3.0337,3.0493174,0.0031381065,4
13,14,27,Al,3.061,4.0371833,0.012647827,4
14,14,28,Si,3.1224,3.1018825,0.0008257146,4
14,15,29,Si,3.1176,3.1242678,0.0008177339,4
14,16,30,Si,3.1336,3.1524885,0.0010575689,4
15,16,31,P,3.1889,3.8779025,0.06634945,4
16,16,32,S,3.2611,3.2132845,0.0026005073,4
16,18,34,S,3.2847,3.29196,0.0014860393,4
16,20,36,S,3.2985,3.317715,0.005515501,4
17,18,35,Cl,3.3654,3.3535862,0.0015499156,4
17,20,37,Cl,3.384,3.390565,0.0033952217,4
18,14,32,Ar,3.3468,3.304741,0.0042860713,4
18,15,33,Ar,3.3438,3.3109593,0.0022847468,4
18,16,34,Ar,3.3654,3.3504395,0.0012287372,4
18,17,35,Ar,3.3636,3.3471441,0.005153839,4
18,18,36,Ar,3.3905,3.397422,0.0031866839,4
18,19,37,Ar,3.3908,3.4051628,0.0025659432,4
18,20,38,Ar,3.4028,3.4171264,0.0063997926,4
18,21,39,Ar,3.4093,3.4324203,0.0043624663,4
18,22,40,Ar,3.4274,3.4430177,0.0030855646,4
18,23,41,Ar,3.4251,3.4332073,0.00193271,4
18,24,42,Ar,3.4414,3.447142,0.0039584194,4
18,25,43,Ar,3.4354,3.4377205,0.001789198,4
18,26,44,Ar,3.4454,3.4356506,0.0015490352,4
18,28,46,Ar,3.4377,3.4097552,0.0019061635,4
19,19,38,K,3.4264,3.4225836,0.0013372893,4
19,20,39,K,3.4349,3.4365938,0.0020545311,4
19,21,40,K,3.4381,3.4453044,0.0036273913,4
19,22,41,K,3.4518,3.4617422,0.002080237,4
19,23,42,K,3.4517,3.4513154,0.0027741143,4
19,24,43,K,3.4556,3.463787,0.002602014,4
19,25,44,K,3.4563,3.4545984,0.0024926234,4
19,26,45,K,3.4605,3.4588227,0.001836364,4
19,27,46,K,3.4558,3.4351666,0.0014386638,4
19,28,47,K,3.4534,3.4329891,0.0040532057,4
20,19,39,Ca,3.4595,3.4601865,0.0010597834,4
20,20,40,Ca,3.4776,3.463469,0.0014177653,4
20,21,41,Ca,3.478,3.4915519,0.0016595407,4
20,22,42,Ca,3.5081,3.499274,0.0014217739,4
20,23,43,Ca,3.4954,3.4919255,0.0012160309,4
20,24,44,Ca,3.5179,3.5026114,0.0022701852,4
20,25,45,Ca,3.4944,3.4969034,0.00361305,4
20,26,46,Ca,3.4953,3.5011017,0.0020758372,4
20,27,47,Ca,3.4783,3.4817405,0.0031030555,4
20,28,48,Ca,3.4771,3.4754524,0.0007831059,4
20,30,50,Ca,3.5168,3.5229597,0.0016016721,4
21,21,42,Sc,3.5702,3.5162692,0.0024527935,4
21,22,43,Sc,3.5575,3.5536137,0.004253622,4
21,23,44,Sc,3.5432,3.5572875,0.0030798423,4
21,24,45,Sc,3.5459,3.554963,0.0028240723,4
21,25,46,Sc,3.5243,3.5646749,0.0014732213,4
22,22,44,Ti,3.6115,3.6004953,0.0007454386,4
22,23,45,Ti,3.5939,3.5915287,0.0008727092,4
22,24,46,Ti,3.607,3.596974,0.0021417688,4
22,25,47,Ti,3.5962,3.5910716,0.0035972046,4
22,26,48,Ti,3.5921,3.5978377,0.0013148946,4
22,27,49,Ti,3.5733,3.5780835,0.0017054443,4
22,28,50,Ti,3.5704,3.5810556,0.0011709728,4
23,28,51,V,3.6002,4.080857,0.027052665,4
24,26,50,Cr,3.6588,3.6630852,0.0020206976,4
24,28,52,Cr,3.6452,3.64039,0.0012305245,4
24,29,53,Cr,3.6511,3.6561978,0.0033371234,4
24,30,54,Cr,3.6885,3.6837175,0.0027698628,4
25,25,50,Mn,3.712,3.6788492,0.004662432,4
25,26,51,Mn,3.7026,3.6884842,0.0025243943,4
25,27,52,Mn,3.6706,3.6660643,0.003691085,4
25,28,53,Mn,3.6662,3.673752,0.0014856035,4
25,29,54,Mn,3.6834,3.682333,0.0024508254,4
25,30,55,Mn,3.7057,3.726039,0.006347258,4
25,31,56,Mn,3.7146,4.0382986,0.041734233,4
26,28,54,Fe,3.6933,3.6950424,0.0021527275,4
26,30,56,Fe,3.7377,3.7397778,0.0011574117,4
26,31,57,Fe,3.7532,4.060473,0.041254915,4
26,32,58,Fe,3.7745,3.80254,0.0048726522,4
27,32,59,Co,3.7875,4.004317,0.052153975,4
28,30,58,Ni,3.7757,3.7340372,0.004135094,4
28,32,60,Ni,3.8118,3.7859907,0.0034511022,4
28,33,61,Ni,3.8225,4.0770636,0.06360618,4
28,34,62,Ni,3.8399,4.122306,0.012822914,4
28,36,64,Ni,3.8572,4.1445856,0.01283746,4
29,34,63,Cu,3.8823,3.8781981,0.0023044522,4
29,36,65,Cu,3.9022,3.9055662,0.0030117373,4
30,34,64,Zn,3.9283,3.9099782,0.0030709808,4
30,36,66,Zn,3.9491,3.9452686,0.0023157527,4
30,37,67,Zn,3.953,4.148539,0.07731167,4
30,38,68,Zn,3.9658,3.9857411,0.0045779794,4
30,40,70,Zn,3.9845,3.9785812,0.0049726176,4
31,38,69,Ga,3.9973,4.00025,0.0006019373,4
31,40,71,Ga,4.0118,4.0079427,0.00293219,4
32,38,70,Ge,4.0414,4.0375214,0.0010922388,4
32,40,72,Ge,4.0576,4.0439596,0.0060973824,4
32,41,73,Ge,4.0632,4.0797534,0.0027329274,4
32,42,74,Ge,4.0742,4.0788765,0.0015844106,4
32,44,76,Ge,4.0811,4.0640717,0.0036318467,4
33,42,75,As,4.0968,4.3314786,0.04390318,4
34,40,74,Se,4.07,4.143186,0.004168635,4
34,42,76,Se,4.1395,4.118164,0.004137928,4
34,43,77,Se,4.1395,4.131398,0.0034667668,4
34,44,78,Se,4.1406,4.1205134,0.0060825986,4
34,46,80,Se,4.14,4.1088233,0.0046552867,4
34,48,82,Se,4.14,4.1006384,0.00577892,4
35,44,79,Br,4.1629,4.164648,0.00083050696,4
35,46,81,Br,4.1599,4.1516666,0.0011633595,4
36,36,72,Kr,4.1635,4.1255493,0.0048616077,4
36,38,74,Kr,4.187,4.176347,0.0032218983,4
36,39,75,Kr,4.2097,4.2040625,0.0009081033,4
36,40,76,Kr,4.202,4.163337,0.0091141015,4
36,41,77,Kr,4.2082,4.188298,0.0066797617,4
36,42,78,Kr,4.2038,4.2043676,0.0023464055,4
36,43,79,Kr,4.2034,4.2083006,0.0012883587,4
36,44,80,Kr,4.197,4.199399,0.0021341874,4
36,45,81,Kr,4.1952,4.194551,0.0023122684,4
36,46,82,Kr,4.1919,4.1930847,0.00086816243,4
36,47,83,Kr,4.1871,4.1738014,0.0050298367,4
36,48,84,Kr,4.1884,4.1854773,0.0025785975,4
36,49,85,Kr,4.1846,4.1747274,0.0021459549,4
36,50,86,Kr,4.1835,4.1729655,0.0024160503,4
36,51,87,Kr,4.1984,4.188984,0.0025518886,4
36,52,88,Kr,4.2171,4.2141404,0.0017640194,4
36,53,89,Kr,4.2286,4.222305,0.0023864435,4
36,54,90,Kr,4.2423,4.24854,0.003494009,4
36,55,91,Kr,4.2543,4.2543344,0.001320205,4
36,56,92,Kr,4.2724,4.2748566,0.0014301124,4
36,57,93,Kr,4.2794,4.2864385,0.0015301937,4
36,58,94,Kr,4.3002,4.3071346,0.00061534246,4
36,59,95,Kr,4.3067,4.3135333,0.0011199991,4
36,60,96,Kr,4.3267,4.3748074,0.0062281736,4
37,39,76,Rb,4.2273,4.236577,0.0025755155,4
37,40,77,Rb,4.2356,4.197372,0.0019073964,4
37,41,78,Rb,4.2385,4.2333336,0.0014583574,4
37,42,79,Rb,4.2284,4.234402,0.0025837617,4
37,43,80,Rb,4.2271,4.2316456,0.0019530916,4
37,44,81,Rb,4.2213,4.227643,0.0019341499,4
37,45,82,Rb,4.216,4.2224035,0.001428775,4
37,46,83,Rb,4.2058,4.2222924,0.0013155905,4
37,47,84,Rb,4.1999,4.2052665,0.0029896288,4
37,48,85,Rb,4.2036,4.2136374,0.0009866061,4
37,49,86,Rb,4.2025,4.2052817,0.00093969033,4
37,50,87,Rb,4.1989,4.2041726,0.001546487,4
37,51,88,Rb,4.217,4.2189198,0.00092356716,4
37,52,89,Rb,4.2391,4.2406044,0.0005045828,4
37,53,90,Rb,4.2554,4.2513013,0.00037066505,4
37,54,91,Rb,4.2723,4.2739735,0.0021515796,4
37,55,92,Rb,4.2903,4.286198,0.0032116515,4
37,56,93,Rb,4.3048,4.298907,0.0043609384,4
37,57,94,Rb,4.3184,4.311351,0.0019499812,4
37,58,95,Rb,4.3391,4.3346963,0.0045953654,4
37,59,96,Rb,4.3501,4.342461,0.0035179467,4
37,60,97,Rb,4.4231,4.3747106,0.0035534273,4
37,61,98,Rb,4.4336,4.3859377,0.0026310477,4
38,39,77,Sr,4.2569,4.2510967,0.0010915083,4
38,40,78,Sr,4.2561,4.2255282,0.004248683,4
38,41,79,Sr,4.2586,4.255598,0.0015061368,4
38,42,80,Sr,4.2562,4.251792,0.0017924602,4
38,43,81,Sr,4.2547,4.2520695,0.001915632,4
38,44,82,Sr,4.2478,4.2482066,0.0032127078,4
38,45,83,Sr,4.2455,4.240299,0.0019343869,4
38,46,84,Sr,4.2394,4.237204,0.00038972258,4
38,47,85,Sr,4.2304,4.2314982,0.000438177,4
38,48,86,Sr,4.2307,4.233403,0.0020176177,4
38,49,87,Sr,4.2249,4.2284904,0.00046021817,4
38,50,88,Sr,4.224,4.2279267,0.0007206002,4
38,51,89,Sr,4.2407,4.241417,0.0012269773,4
38,52,90,Sr,4.2611,4.2631707,0.0014461803,4
38,53,91,Sr,4.274,4.275945,0.0015435787,4
38,54,92,Sr,4.2924,4.2915077,0.0012505506,4
38,55,93,Sr,4.3026,4.302893,0.0027366264,4
38,56,94,Sr,4.3191,4.3166423,0.0027227008,4
38,57,95,Sr,4.3305,4.334654,0.0011144119,4
38,58,96,Sr,4.3522,4.353478,0.0011831359,4
38,59,97,Sr,4.3625,4.3669286,0.0028749437,4
38,60,98,Sr,4.4377,4.4310884,0.0009277535,4
38,61,99,Sr,4.4495,4.447736,0.0022397859,4
38,62,100,Sr,4.464,4.459971,0.0026603593,4
39,47,86,Y,4.2513,4.2454767,0.0018963263,4
39,48,87,Y,4.2498,4.2501965,0.005451913,4
39,49,88,Y,4.2441,4.2411647,0.0006764872,4
39,50,89,Y,4.243,4.239494,0.0014714394,4
39,51,90,Y,4.2573,4.256261,0.0015338646,4
39,53,92,Y,4.2887,4.2902613,0.001935744,4
39,54,93,Y,4.3052,4.3052154,0.0030020974,4
39,55,94,Y,4.3142,4.316627,0.0014003573,4
39,56,95,Y,4.3284,4.3318133,0.00095454924,4
39,57,96,Y,4.3402,4.3456144,0.0005010304,4
39,58,97,Y,4.358,4.368093,0.0012632024,4
39,59,98,Y,4.3711,4.382372,0.0016449364,4
39,60,99,Y,4.4658,4.4457483,0.0011588586,4
39,61,100,Y,4.4705,4.470826,0.0006902689,4
39,62,101,Y,4.4863,4.483364,0.0016521441,4
39,63,102,Y,4.4911,4.4679704,0.00465904,4
40,47,87,Zr,4.2789,4.2770543,0.0011056105,4
40,48,88,Zr,4.2787,4.2787995,0.0015230675,4
40,49,89,Zr,4.2706,4.2745914,0.0019159319,4
40,50,90,Zr,4.2694,4.2713656,0.0011996625,4
40,51,91,Zr,4.2845,4.287719,0.0015570626,4
40,52,92,Zr,4.3057,4.3071704,0.0019312729,4
40,54,94,Zr,4.332,4.3377185,0.0008223047,4
40,56,96,Zr,4.3512,4.367987,0.0008018584,4
40,57,97,Zr,4.3792,4.3742027,0.001074638,4
40,58,98,Zr,4.4012,4.3961134,0.0021377888,4
40,59,99,Zr,4.4156,4.4054427,0.002463339,4
40,60,100,Zr,4.4891,4.4924893,0.0023018776,4
40,61,101,Zr,4.5119,4.5020924,0.0020099587,4
40,62,102,Zr,4.5292,4.510843,0.0028959375,4
41,49,90,Nb,4.2891,4.287365,0.0008063383,4
41,50,91,Nb,4.2878,4.2849483,0.00027938507,4
41,51,92,Nb,4.3026,4.3015876,0.001654763,4
41,52,93,Nb,4.324,4.3224487,0.0012388363,4
41,58,99,Nb,4.4062,4.4173923,0.0019728297,4
41,60,101,Nb,4.4861,4.477553,0.002551628,4
41,62,103,Nb,4.5097,4.5101786,0.0015744561,4
42,48,90,Mo,4.3265,4.3254137,0.0004758135,4
42,49,91,Mo,4.3182,4.3182154,0.0017581511,4
42,50,92,Mo,4.3151,4.3169737,0.0011445794,4
42,52,94,Mo,4.3529,4.3535266,0.00045616803,4
42,53,95,Mo,4.3628,4.3655357,0.0025617676,4
42,54,96,Mo,4.3847,4.3855367,0.0012765336,4
42,55,97,Mo,4.388,4.3969603,0.0021783814,4
42,56,98,Mo,4.4091,4.4084883,0.0015595249,4
42,58,100,Mo,4.4468,4.4410067,0.0020125592,4
42,60,102,Mo,4.4914,4.502298,0.0017700933,4
42,61,103,Mo,4.5145,4.5169234,0.0043891603,4
42,62,104,Mo,4.5249,4.526494,0.0014334411,4
42,63,105,Mo,4.5389,4.5353727,0.0035361806,4
42,64,106,Mo,4.549,4.5436206,0.002599826,4
42,66,108,Mo,4.5602,4.5510907,0.0035957475,4
44,52,96,Ru,4.3908,4.3793077,0.0027476077,4
44,54,98,Ru,4.4229,4.422354,0.002943285,4
44,55,99,Ru,4.4338,4.4339714,0.0022274149,4
44,56,100,Ru,4.4531,4.449024,0.002687514,4
44,57,101,Ru,4.4606,4.4613266,0.0013036579,4
44,58,102,Ru,4.4809,4.4796667,0.0012692466,4
44,60,104,Ru,4.5098,4.531003,0.0016126945,4
45,58,103,Rh,4.4945,4.393564,0.041249942,4
46,56,102,Pd,4.4827,4.473026,0.0012182397,4
46,58,104,Pd,4.5078,4.508079,0.0024012658,4
46,59,105,Pd,4.515,4.5172715,0.0023517387,4
46,60,106,Pd,4.5318,4.5356946,0.001559693,4
46,62,108,Pd,4.5563,4.558894,0.001030417,4
46,64,110,Pd,4.5782,4.5771065,0.0011842556,4
47,54,101,Ag,4.4799,4.4686413,0.0023574429,4
47,56,103,Ag,4.5036,4.5042334,0.00150603,4
47,57,104,Ag,4.5119,4.5113115,0.00080747117,4
47,58,105,Ag,4.5269,4.5256443,0.0021174508,4
47,60,107,Ag,4.5454,4.5458536,0.002827377,4
47,62,109,Ag,4.5638,4.577059,0.0028011054,4
48,54,102,Cd,4.481,4.475588,0.002334234,4
48,55,103,Cd,4.4951,4.494693,0.002380171,4
48,56,104,Cd,4.5122,4.5093193,0.0017232021,4
48,57,105,Cd,4.5216,4.5174637,0.0006953347,4
48,58,106,Cd,4.5383,4.5334396,0.0017039845,4
48,59,107,Cd,4.5466,4.5398645,0.0015526451,4
48,60,108,Cd,4.5577,4.551778,0.002732156,4
48,61,109,Cd,4.5601,4.5713487,0.0022344477,4
48,62,110,Cd,4.5765,4.575469,0.0009813402,4
48,63,111,Cd,4.5845,4.5903134,0.0022847322,4
48,64,112,Cd,4.5944,4.596772,0.0012356158,4
48,65,113,Cd,4.6012,4.602076,0.0026593376,4
48,66,114,Cd,4.6087,4.607065,0.0015682462,4
48,67,115,Cd,4.6114,4.6130924,0.0013468983,4
48,68,116,Cd,4.6203,4.6169057,0.0018922107,4
48,69,117,Cd,4.6136,4.6220894,0.0015517848,4
48,70,118,Cd,4.6246,4.6271505,0.0023505245,4
48,72,120,Cd,4.63,4.6405888,0.00073717156,4
49,55,104,In,4.5184,4.501775,0.0013466612,4
49,56,105,In,4.5311,4.5236692,0.0032253475,4
49,57,106,In,4.5375,4.5342417,0.0023914254,4
49,58,107,In,4.5494,4.5478373,0.0008699462,4
49,59,108,In,4.5571,4.5560675,0.0019377829,4
49,60,109,In,4.5685,4.566554,0.0014191227,4
49,61,110,In,4.5742,4.5735145,0.0016715501,4
49,62,111,In,4.5856,4.5865026,0.0016251765,4
49,63,112,In,4.5907,4.5943956,0.0008645843,4
49,64,113,In,4.601,4.607762,0.0013546279,4
49,65,114,In,4.6056,4.614032,0.001404375,4
49,66,115,In,4.6156,4.618869,0.0020505937,4
49,67,116,In,4.6211,4.6229134,0.00078160386,4
49,68,117,In,4.6292,4.6310635,0.0022404378,4
49,69,118,In,4.6335,4.628164,0.0017949564,4
49,70,119,In,4.6407,4.6386256,0.0007978753,4
49,71,120,In,4.6443,4.6438465,0.001228104,4
49,72,121,In,4.6505,4.649446,0.0013708743,4
49,73,122,In,4.6534,4.6516137,0.0031406553,4
49,74,123,In,4.6594,4.660942,0.0033957066,4
49,75,124,In,4.6625,4.662818,0.0016074815,4
49,76,125,In,4.667,4.667655,0.0006600599,4
49,77,126,In,4.6702,4.66973,0.0018210749,4
49,78,127,In,4.6733,4.666886,0.0036287575,4
50,58,108,Sn,4.5605,4.555529,0.004243726,4
50,59,109,Sn,4.5679,4.5650573,0.0021670335,4
50,60,110,Sn,4.5785,4.580532,0.004696138,4
50,61,111,Sn,4.5836,4.5947394,0.0004238916,4
50,62,112,Sn,4.5948,4.607299,0.00070511556,4
50,63,113,Sn,4.6015,4.6104407,0.0029926652,4
50,64,114,Sn,4.6099,4.6173625,0.0008234429,4
50,65,115,Sn,4.6148,4.6234055,0.0014769854,4
50,66,116,Sn,4.625,4.629371,0.0020693932,4
50,67,117,Sn,4.6302,4.634494,0.00088220474,4
50,68,118,Sn,4.6393,4.6447124,0.0028246325,4
50,69,119,Sn,4.6438,4.6434193,0.00073499593,4
50,70,120,Sn,4.6519,4.6523314,0.00042645587,4
50,71,121,Sn,4.6566,4.6561193,0.0007816473,4
50,72,122,Sn,4.6634,4.658394,0.0021426084,4
50,73,123,Sn,4.6665,4.6639223,0.0023683044,4
50,74,124,Sn,4.6735,4.671894,0.0018729394,4
50,75,125,Sn,4.6765,4.674766,0.0030189785,4
50,76,126,Sn,4.6833,4.680996,0.001917293,4
50,77,127,Sn,4.6867,4.6832137,0.0027927118,4
50,78,128,Sn,4.6921,4.6813107,0.003115905,4
50,79,129,Sn,4.6934,4.6789656,0.0014494314,4
50,80,130,Sn,4.7019,4.68832,0.001363893,4
50,81,131,Sn,4.7078,4.668622,0.001770305,4
50,82,132,Sn,4.7093,4.689128,0.0024707657,4
51,70,121,Sb,4.6802,4.678479,0.0028907498,4
51,72,123,Sb,4.6879,4.69071,0.0014618823,4
52,64,116,Te,4.6847,4.686654,0.0028830182,4
52,66,118,Te,4.6956,4.696941,0.0003656601,4
52,68,120,Te,4.7038,4.704451,0.0016930591,4
52,70,122,Te,4.7095,4.7141633,0.0028070677,4
52,71,123,Te,4.7117,4.7183824,0.0013474,4
52,72,124,Te,4.7183,4.7209744,0.0013698846,4
52,73,125,Te,4.7204,4.7256026,0.0028331615,4
52,74,126,Te,4.7266,4.729164,0.0012978779,4
52,76,128,Te,4.7346,4.737002,0.0030790807,4
52,78,130,Te,4.7423,4.7419696,0.003041107,4
52,80,132,Te,4.75,4.7462215,0.0014177029,4
52,82,134,Te,4.7569,4.7465043,0.0024999355,4
52,84,136,Te,4.7815,4.7677917,0.0008144634,4
53,74,127,I,4.75,4.5668445,0.032937583,4
54,62,116,Xe,4.7211,4.7231226,0.0028708521,4
54,64,118,Xe,4.7387,4.7447,0.003371591,4
54,66,120,Xe,4.7509,4.7511206,0.0019021535,4
54,68,122,Xe,4.759,4.7582455,0.0020775157,4
54,70,124,Xe,4.7661,4.766059,0.0014363737,4
54,72,126,Xe,4.7722,4.7719913,0.002125683,4
54,73,127,Xe,4.7747,4.7755775,0.0021788853,4
54,74,128,Xe,4.7774,4.7812953,0.0020079266,4
54,75,129,Xe,4.7775,4.7813997,0.0009119858,4
54,76,130,Xe,4.7818,4.784813,0.0017277048,4
54,77,131,Xe,4.7808,4.784237,0.0038694448,4
54,78,132,Xe,4.7859,4.789545,0.002711612,4
54,79,133,Xe,4.7831,4.7892694,0.0015913299,4
54,80,134,Xe,4.7899,4.793161,0.0014367001,4
54,82,136,Xe,4.7964,4.794052,0.0024606858,4
54,83,137,Xe,4.8094,4.805379,0.0034783941,4
54,84,138,Xe,4.8279,4.822493,0.0015505168,4
54,85,139,Xe,4.8409,4.834427,0.0032320342,4
54,86,140,Xe,4.8566,4.8446584,0.0038480477,4
54,87,141,Xe,4.8694,4.8598514,0.0014903655,4
54,88,142,Xe,4.8841,4.8795576,0.0028744726,4
54,89,143,Xe,4.8942,4.893694,0.0025481186,4
54,90,144,Xe,4.9082,4.912022,0.0026304098,4
54,92,146,Xe,4.9315,4.9347444,0.0034860943,4
55,63,118,Cs,4.7832,4.754216,0.0026271786,4
55,64,119,Cs,4.7896,4.761769,0.002918794,4
55,65,120,Cs,4.7915,4.73987,0.0048149438,4
55,66,121,Cs,4.7769,4.782346,0.0027311658,4
55,67,122,Cs,4.7773,4.7814727,0.0024163804,4
55,68,123,Cs,4.782,4.78592,0.0018125968,4
55,69,124,Cs,4.7828,4.7832527,0.0026936997,4
55,70,125,Cs,4.788,4.78817,0.0020945854,4
55,71,126,Cs,4.7872,4.7892866,0.0010476449,4
55,72,127,Cs,4.7936,4.7977037,0.0018119537,4
55,73,128,Cs,4.7921,4.7929864,0.0016691844,4
55,74,129,Cs,4.7981,4.797838,0.0017493084,4
55,75,130,Cs,4.7992,4.7977524,0.0021150236,4
55,76,131,Cs,4.8026,4.8020663,0.001985789,4
55,77,132,Cs,4.8002,4.800587,0.001934745,4
55,78,133,Cs,4.8041,4.805583,0.0013128079,4
55,79,134,Cs,4.8031,4.800996,0.0011828615,4
55,80,135,Cs,4.8067,4.808131,0.0022506888,4
55,81,136,Cs,4.8059,4.804826,0.0035632977,4
55,82,137,Cs,4.8128,4.813954,0.003477433,4
55,83,138,Cs,4.8255,4.824042,0.0015077665,4
55,84,139,Cs,4.8422,4.8435483,0.005047843,4
55,85,140,Cs,4.8554,4.8556757,0.0014807432,4
55,86,141,Cs,4.8689,4.8662186,0.002459794,4
55,87,142,Cs,4.8825,4.882557,0.0041840533,4
55,88,143,Cs,4.8965,4.895292,0.0014737693,4
55,89,144,Cs,4.9055,4.9111347,0.0033718087,4
55,90,145,Cs,4.9188,4.930178,0.0017922147,4
55,91,146,Cs,4.9281,4.94447,0.003295202,4
56,64,120,Ba,4.8092,4.791136,0.0026050988,4
56,65,121,Ba,4.8176,4.7709517,0.0059576263,4
56,66,122,Ba,4.8153,4.804808,0.0026466826,4
56,67,123,Ba,4.8135,4.805525,0.0025454713,4
56,68,124,Ba,4.8185,4.8103495,0.0029475838,4
56,69,125,Ba,4.8177,4.8090324,0.0017951136,4
56,70,126,Ba,4.8221,4.816564,0.0013566895,4
56,71,127,Ba,4.8204,4.815667,0.0019536251,4
56,72,128,Ba,4.8255,4.8275757,0.0009364587,4
56,73,129,Ba,4.8248,4.822397,0.0031480598,4
56,74,130,Ba,4.8283,4.829819,0.0019102715,4
56,75,131,Ba,4.8276,4.830484,0.0011127597,4
56,76,132,Ba,4.8303,4.8335404,0.0016109147,4
56,77,133,Ba,4.8286,4.830389,0.001982242,4
56,78,134,Ba,4.8322,4.833645,0.0020432416,4
56,79,135,Ba,4.8294,4.8319693,0.0012207302,4
56,80,136,Ba,4.8334,4.8348026,0.0026896412,4
56,81,137,Ba,4.8314,4.8337784,0.0029438862,4
56,82,138,Ba,4.8378,4.8380957,0.0029651397,4
56,83,139,Ba,4.8513,4.855571,0.002649739,4
56,84,140,Ba,4.8684,4.869546,0.0018469713,4
56,85,141,Ba,4.8807,4.8827,0.0012406376,4
56,86,142,Ba,4.8953,4.895633,0.0029038517,4
56,87,143,Ba,4.9087,4.9090323,0.0020228052,4
56,88,144,Ba,4.9236,4.9262,0.0021507547,4
56,89,145,Ba,4.9345,4.9419594,0.0039455607,4
56,90,146,Ba,4.9479,4.9550276,0.00088676024,4
56,92,148,Ba,4.9731,4.9790792,0.0060220356,4
57,78,135,La,4.8488,4.851705,0.0010701799,4
57,80,137,La,4.8496,4.8516254,0.0019261601,4
57,81,138,La,4.8473,4.84925,0.0026131799,4
57,82,139,La,4.855,4.850785,0.0023057947,4
58,78,136,Ce,4.8739,4.871669,0.0009963366,4
58,80,138,Ce,4.8737,4.873284,0.0003139518,4
58,82,140,Ce,4.8771,4.8748946,0.0013428265,4
58,84,142,Ce,4.9063,4.9036493,0.0005653825,4
58,86,144,Ce,4.9303,4.9286265,0.0020820461,4
58,88,146,Ce,4.959,4.962048,0.0022843464,4
58,90,148,Ce,4.9893,4.994814,0.0029820835,4
59,82,141,Pr,4.8919,4.579989,0.06487828,4
60,72,132,Nd,4.9174,4.897695,0.0018554663,4
60,74,134,Nd,4.9128,4.9042397,0.001077074,4
60,75,135,Nd,4.9086,4.9102054,0.0017658115,4
60,76,136,Nd,4.9111,4.9139023,0.0010769756,4
60,77,137,Nd,4.908,4.910185,0.0021119725,4
60,78,138,Nd,4.9123,4.911926,0.0008212793,4
60,79,139,Nd,4.9076,4.9071894,0.0024080835,4
60,80,140,Nd,4.9101,4.911371,0.0031928646,4
60,81,141,Nd,4.9057,4.907584,0.001438075,4
60,82,142,Nd,4.9123,4.9134436,0.0014742068,4
60,83,143,Nd,4.9254,4.928942,0.0032162985,4
60,84,144,Nd,4.9421,4.943348,0.0014647949,4
60,85,145,Nd,4.9535,4.956946,0.00339362,4
60,86,146,Nd,4.9696,4.97072,0.0009977586,4
60,88,148,Nd,4.9999,5.002019,0.0020516026,4
60,90,150,Nd,5.04,5.0381184,0.0040184413,4
62,76,138,Sm,4.9599,4.9534397,0.0005174488,4
62,77,139,Sm,4.9556,4.947782,0.0017849371,4
62,78,140,Sm,4.9565,4.9536295,0.001196187,4
62,79,141,Sm,4.9517,4.9486217,0.0018963255,4
62,80,142,Sm,4.9518,4.953275,0.0026804633,4
62,81,143,Sm,4.9479,4.9506025,0.0016585671,4
62,82,144,Sm,4.9524,4.953435,0.0011390548,4
62,83,145,Sm,4.9651,4.9638524,0.0011269005,4
62,84,146,Sm,4.9808,4.9825463,0.0022055826,4
62,85,147,Sm,4.9892,4.993415,0.0012202152,4
62,86,148,Sm,5.0042,5.00765,0.0010914654,4
62,87,149,Sm,5.0134,5.018675,0.0018914526,4
62,88,150,Sm,5.0387,5.0401034,0.0026264323,4
62,89,151,Sm,5.055,5.0655484,0.0026449314,4
62,90,152,Sm,5.0819,5.0809774,0.0014985906,4
62,91,153,Sm,5.0925,5.089208,0.0015484084,4
62,92,154,Sm,5.1053,5.0989547,0.0023314138,4
63,74,137,Eu,4.9762,4.961461,0.0014668792,4
63,75,138,Eu,4.9779,4.961956,0.0010612244,4
63,76,139,Eu,4.976,4.9742928,0.0015200112,4
63,77,140,Eu,4.9695,4.9666824,0.00091756624,4
63,78,141,Eu,4.9697,4.969621,0.0015505605,4
63,79,142,Eu,4.9607,4.9679675,0.003277795,4
63,80,143,Eu,4.9636,4.970795,0.0028569435,4
63,81,144,Eu,4.9612,4.965086,0.002586322,4
63,82,145,Eu,4.9663,4.9671106,0.0017190585,4
63,83,146,Eu,4.9789,4.9866896,0.00088861916,4
63,84,147,Eu,4.9938,4.9990826,0.0025213745,4
63,85,148,Eu,5.0045,5.0111103,0.0017732062,4
63,86,149,Eu,5.0202,5.024569,0.0032154561,4
63,87,150,Eu,5.0296,5.036934,0.0026943577,4
63,88,151,Eu,5.0522,5.0602536,0.0006925318,4
63,89,152,Eu,5.1064,5.073951,0.0029230888,4
63,90,153,Eu,5.1115,5.101618,0.002520798,4
63,91,154,Eu,5.1239,5.1119623,0.002173562,4
63,92,155,Eu,5.1221,5.121194,0.005503393,4
63,93,156,Eu,5.1264,5.1228456,0.0024599712,4
63,94,157,Eu,5.1351,5.1337485,0.0023619726,4
63,95,158,Eu,5.1413,5.1414046,0.0036473852,4
63,96,159,Eu,5.1498,5.1538625,0.0016416105,4
64,81,145,Gd,4.9786,4.9821877,0.0018568566,4
64,82,146,Gd,4.9801,4.9855375,0.002347918,4
64,84,148,Gd,5.008,5.0176363,0.0019590773,4
64,86,150,Gd,5.0342,5.0448384,0.001251968,4
64,88,152,Gd,5.0774,5.071791,0.0016890556,4
64,90,154,Gd,5.1223,5.1184235,0.0015859973,4
64,91,155,Gd,5.1319,5.1280656,0.0029247017,4
64,92,156,Gd,5.142,5.1371527,0.0036526206,4
64,93,157,Gd,5.1449,5.140542,0.0021557268,4
64,94,158,Gd,5.1569,5.152237,0.00230891,4
64,96,160,Gd,5.1734,5.167768,0.0010273557,4
65,82,147,Tb,4.9201,4.9160595,0.001269517,4
65,83,148,Tb,4.9291,4.9231443,0.0007280147,4
65,84,149,Tb,4.9427,4.9413085,0.0019637716,4
65,85,150,Tb,4.9499,4.9496202,0.0013099982,4
65,86,151,Tb,4.963,4.9653506,0.0010268979,4
65,87,152,Tb,4.9689,4.9772105,0.002820976,4
65,88,153,Tb,4.995,4.995981,0.00031617275,4
65,89,154,Tb,5.0333,5.017567,0.0036867878,4
65,90,155,Tb,5.0391,5.030362,0.0035997578,4
65,92,157,Tb,5.0489,5.058591,0.0019095785,4
65,94,159,Tb,5.06,5.0722356,0.0015020276,4
66,80,146,Dy,5.0438,5.039275,0.0022668126,4
66,82,148,Dy,5.0455,5.039297,0.0031418698,4
66,83,149,Dy,5.0567,5.050384,0.0010772515,4
66,84,150,Dy,5.0706,5.0656114,0.0033614777,4
66,85,151,Dy,5.0801,5.0805845,0.0015547308,4
66,86,152,Dy,5.095,5.08992,0.0020586231,4
66,87,153,Dy,5.1035,5.1035514,0.0020507218,4
66,88,154,Dy,5.1241,5.1234555,0.0026980052,4
66,89,155,Dy,5.1457,5.1454043,0.0041697356,4
66,90,156,Dy,5.1622,5.1603355,0.0014143604,4
66,91,157,Dy,5.1709,5.169033,0.0027428856,4
66,92,158,Dy,5.1815,5.181199,0.0034183986,4
66,93,159,Dy,5.1825,5.186328,0.002807635,4
66,94,160,Dy,5.1951,5.1956115,0.003106528,4
66,95,161,Dy,5.1962,5.203271,0.00022425626,4
66,96,162,Dy,5.2074,5.212317,0.0019014435,4
66,97,163,Dy,5.2099,5.2244444,0.0008782916,4
66,98,164,Dy,5.2218,5.2332115,0.0019281143,4
67,84,151,Ho,5.0398,5.0483875,0.0011431173,4
67,85,152,Ho,5.0614,5.0575304,0.0010694864,4
67,86,153,Ho,5.076,5.073462,0.001327715,4
67,87,154,Ho,5.0856,5.083416,0.0016161365,4
67,88,155,Ho,5.1076,5.1023874,0.002572243,4
67,89,156,Ho,5.1156,5.129054,0.0023305153,4
67,90,157,Ho,5.1535,5.141222,0.0009394291,4
67,91,158,Ho,5.1571,5.155499,0.0019945616,4
67,92,159,Ho,5.1675,5.1640334,0.0013963549,4
67,93,160,Ho,5.1662,5.166784,0.0017607688,4
67,94,161,Ho,5.1785,5.178452,0.0031320408,4
67,95,162,Ho,5.1817,5.1838317,0.00093982863,4
67,96,163,Ho,5.1907,5.195049,0.0012508543,4
67,98,165,Ho,5.2022,5.214965,0.0039733313,4
68,82,150,Er,5.0548,5.0552096,0.0027824393,4
68,84,152,Er,5.0843,5.0890436,0.0019553853,4
68,86,154,Er,5.1129,5.112182,0.0032659268,4
68,88,156,Er,5.1429,5.1444974,0.0030056618,4
68,90,158,Er,5.1761,5.1781125,0.0013933226,4
68,92,160,Er,5.2045,5.1993685,0.0029064727,4
68,94,162,Er,5.2246,5.217594,0.0018215647,4
68,96,164,Er,5.2389,5.2306695,0.0007058117,4
68,98,166,Er,5.2516,5.2525635,0.0018976637,4
68,99,167,Er,5.256,5.259608,0.0016353319,4
68,100,168,Er,5.2644,5.269211,0.0030261746,4
68,102,170,Er,5.2789,5.2802744,0.0022869182,4
69,84,153,Tm,5.0643,5.04835,0.0047059045,4
69,85,154,Tm,5.0755,5.067423,0.0024543921,4
69,87,156,Tm,5.0976,5.09047,0.0011247349,4
69,88,157,Tm,5.114,5.109879,0.0014040361,4
69,89,158,Tm,5.1235,5.1230907,0.004744523,4
69,90,159,Tm,5.1392,5.137172,0.0029075039,4
69,91,160,Tm,5.1504,5.147125,0.0028603808,4
69,92,161,Tm,5.1616,5.164065,0.002742971,4
69,93,162,Tm,5.1713,5.1671114,0.0024296164,4
69,94,163,Tm,5.1849,5.181773,0.0042857295,4
69,95,164,Tm,5.1906,5.185488,0.001746351,4
69,96,165,Tm,5.2004,5.1983213,0.0017034155,4
69,97,166,Tm,5.2046,5.2061453,0.0032636907,4
69,98,167,Tm,5.2129,5.213422,0.0009908793,4
69,99,168,Tm,5.217,5.226507,0.0014233539,4
69,100,169,Tm,5.2256,5.2338715,0.0013774344,4
69,101,170,Tm,5.2303,5.2527924,0.004730012,4
69,102,171,Tm,5.2388,5.245076,0.0018418778,4
69,103,172,Tm,5.2411,5.2538853,0.0050328257,4
70,82,152,Yb,5.0423,5.0668964,0.0031507662,4
70,84,154,Yb,5.0875,5.0883245,0.00039552513,4
70,85,155,Yb,5.104,5.10501,0.001905964,4
70,86,156,Yb,5.1219,5.1142597,0.0022772516,4
70,87,157,Yb,5.1324,5.1316137,0.0022605609,4
70,88,158,Yb,5.1498,5.1527805,0.00035484319,4
70,89,159,Yb,5.1629,5.1675024,0.0034970767,4
70,90,160,Yb,5.1781,5.18176,0.002798453,4
70,91,161,Yb,5.1889,5.1911488,0.0015625954,4
70,92,162,Yb,5.2054,5.2090974,0.0042100265,4
70,93,163,Yb,5.2157,5.211989,0.0026608661,4
70,94,164,Yb,5.2307,5.2305474,0.0020258564,4
70,95,165,Yb,5.2399,5.23707,0.0016567957,4
70,96,166,Yb,5.2525,5.248983,0.0014095394,4
70,97,167,Yb,5.2621,5.251903,0.0013640443,4
70,98,168,Yb,5.2702,5.2608824,0.0021207968,4
70,99,169,Yb,5.2771,5.275296,0.0024249845,4
70,100,170,Yb,5.2853,5.283956,0.00069477886,4
70,101,171,Yb,5.2906,5.2942567,0.0022215983,4
70,102,172,Yb,5.2995,5.292162,0.0018864266,4
70,103,173,Yb,5.3046,5.301542,0.00090956653,4
70,104,174,Yb,5.3108,5.3079824,0.0013517777,4
70,105,175,Yb,5.3135,5.3148603,0.0021750045,4
70,106,176,Yb,5.3215,5.316079,0.0033738993,4
71,90,161,Lu,5.2293,5.241006,0.0027871567,4
71,91,162,Lu,5.2398,5.2502894,0.0004621067,4
71,92,163,Lu,5.2567,5.2659874,0.0039210278,4
71,93,164,Lu,5.2677,5.2748094,0.0016846692,4
71,94,165,Lu,5.283,5.290574,0.0022078282,4
71,95,166,Lu,5.2972,5.295861,0.0035707054,4
71,96,167,Lu,5.3108,5.307719,0.0022957285,4
71,97,168,Lu,5.3227,5.317128,0.0012214937,4
71,98,169,Lu,5.329,5.3240767,0.0030473813,4
71,99,170,Lu,5.3364,5.3300695,0.0010912439,4
71,100,171,Lu,5.3436,5.339756,0.002086896,4
71,101,172,Lu,5.3486,5.351808,0.0047634514,4
71,102,173,Lu,5.3577,5.3499756,0.0006370538,4
71,103,174,Lu,5.3634,5.360399,0.0020512976,4
71,104,175,Lu,5.37,5.3645706,0.0031407382,4
71,105,176,Lu,5.3739,5.3734293,0.0033659625,4
71,106,177,Lu,5.3815,5.3789473,0.001707266,4
71,107,178,Lu,5.3857,5.38002,0.0023327211,4
71,108,179,Lu,5.3917,5.374994,0.004865769,4
72,98,170,Hf,5.2898,5.2835674,0.0018134778,4
72,99,171,Hf,5.3041,5.2969856,0.0023257856,4
72,100,172,Hf,5.3065,5.303195,0.0019707321,4
72,101,173,Hf,5.314,5.312001,0.0017544299,4
72,102,174,Hf,5.3201,5.31909,0.0010366703,4
72,103,175,Hf,5.3191,5.3265796,0.0022961672,4
72,104,176,Hf,5.3286,5.331747,0.003977629,4
72,105,177,Hf,5.3309,5.335409,0.0026216544,4
72,106,178,Hf,5.3371,5.33881,0.002860783,4
72,107,179,Hf,5.3408,5.3416157,0.0020520296,4
72,108,180,Hf,5.347,5.344538,0.0026468236,4
72,110,182,Hf,5.3516,5.3478317,0.00079029356,4
73,108,181,Ta,5.3507,4.8215756,0.055309642,4
74,106,180,W,5.3491,5.3592396,0.002536161,4
74,108,182,W,5.3559,5.359822,0.0028828913,4
74,109,183,W,5.3611,5.360399,0.0020181218,4
74,110,184,W,5.3658,5.3631945,0.0011432123,4
74,112,186,W,5.3743,5.36891,0.0016956818,4
75,110,185,Re,5.3596,5.3638024,0.0015974061,4
75,112,187,Re,5.3698,5.362933,0.0029830534,4
76,108,184,Os,5.3823,5.387162,0.0021399322,4
76,110,186,Os,5.3909,5.3941846,0.0020133087,4
76,111,187,Os,5.3933,5.390601,0.0017557731,4
76,112,188,Os,5.3993,5.3995786,0.0011716406,4
76,113,189,Os,5.4016,5.400023,0.00145933,4
76,114,190,Os,5.4062,5.405147,0.0020681962,4
76,116,192,Os,5.4126,5.4133863,0.0021289375,4
77,105,182,Ir,5.3705,5.3765,0.00265181,4
77,106,183,Ir,5.378,5.3746333,0.002005034,4
77,107,184,Ir,5.3805,5.3842616,0.0018610231,4
77,108,185,Ir,5.3854,5.381434,0.0023181944,4
77,109,186,Ir,5.39,5.379944,0.0015385943,4
77,110,187,Ir,5.3812,5.3851614,0.0020177746,4
77,111,188,Ir,5.3838,5.3838377,0.0022960769,4
77,112,189,Ir,5.3898,5.39022,0.0018855695,4
77,114,191,Ir,5.3968,5.3948216,0.002578248,4
77,116,193,Ir,5.4032,5.4027886,0.0016413442,4
78,100,178,Pt,5.3728,5.368147,0.0012535226,4
78,101,179,Pt,5.3915,5.3851924,0.0039931806,4
78,102,180,Pt,5.3891,5.3797193,0.002491504,4
78,103,181,Pt,5.3996,5.3938594,0.00057569914,4
78,104,182,Pt,5.3969,5.3990583,0.0027492736,4
78,105,183,Pt,5.4038,5.405058,0.0019935125,4
78,106,184,Pt,5.4015,5.406456,0.002804947,4
78,107,185,Pt,5.4148,5.4062586,0.002959479,4
78,108,186,Pt,5.4037,5.403957,0.0033237324,4
78,109,187,Pt,5.4063,5.403319,0.0014358289,4
78,110,188,Pt,5.4053,5.407583,0.0024376775,4
78,111,189,Pt,5.406,5.4062176,0.0009141392,4
78,112,190,Pt,5.4108,5.415168,0.0018195476,4
78,113,191,Pt,5.4102,5.4150367,0.0010333423,4
78,114,192,Pt,5.4169,5.4186764,0.0009897489,4
78,115,193,Pt,5.4191,5.4203897,0.0018695277,4
78,116,194,Pt,5.4236,5.426981,0.0017897105,4
78,117,195,Pt,5.427,5.4289756,0.001649223,4
78,118,196,Pt,5.4307,5.4342012,0.0014881179,4
78,120,198,Pt,5.4383,5.444193,0.0013257113,4
79,104,183,Au,5.4247,5.401123,0.0038682139,4
79,105,184,Au,5.4306,5.4033937,0.0033806222,4
79,106,185,Au,5.4296,5.4102197,0.0034487778,4
79,107,186,Au,5.4354,5.4103403,0.0042475527,4
79,108,187,Au,5.4018,5.4207277,0.0018277621,4
79,109,188,Au,5.4049,5.4142895,0.0024767215,4
79,110,189,Au,5.4084,5.4184146,0.0024600758,4
79,111,190,Au,5.4109,5.414373,0.0004630535,4
79,112,191,Au,5.4147,5.4213047,0.0014874311,4
79,113,192,Au,5.4179,5.4202857,0.0010508959,4
79,114,193,Au,5.4221,5.425909,0.00054059183,4
79,115,194,Au,5.4252,5.4284277,0.0013270796,4
79,116,195,Au,5.4298,5.4358783,0.0008306917,4
79,117,196,Au,5.4332,5.434713,0.00090943195,4
79,118,197,Au,5.4371,5.4416847,0.0007025884,4
79,119,198,Au,5.44,5.441733,0.0018432555,4
79,120,199,Au,5.4454,5.45122,0.0025371397,4
80,101,181,Hg,5.4364,5.3932247,0.0020841442,4
80,102,182,Hg,5.3833,5.392771,0.0032844406,4
80,103,183,Hg,5.4405,5.394691,0.0018402899,4
80,104,184,Hg,5.3949,5.4053526,0.0031653089,4
80,105,185,Hg,5.4397,5.4052715,0.0046108114,4
80,106,186,Hg,5.4017,5.415689,0.001958512,4
80,107,187,Hg,5.4046,5.4174523,0.00451326,4
80,108,188,Hg,5.4085,5.416318,0.005591651,4
80,109,189,Hg,5.41,5.4179997,0.0034732386,4
80,110,190,Hg,5.4158,5.4181128,0.0028847933,4
80,111,191,Hg,5.4171,5.417246,0.0012288489,4
80,112,192,Hg,5.4232,5.423581,0.002397145,4
80,113,193,Hg,5.4238,5.4271603,0.0016476542,4
80,114,194,Hg,5.4309,5.4308786,0.00221491,4
80,115,195,Hg,5.4345,5.4328585,0.0016793354,4
80,116,196,Hg,5.4385,5.4363337,0.0009117646,4
80,117,197,Hg,5.4412,5.4382696,0.00069103873,4
80,118,198,Hg,5.4463,5.443758,0.0021686296,4
80,119,199,Hg,5.4474,5.447408,0.0018859843,4
80,120,200,Hg,5.4551,5.4548583,0.0010153846,4
80,121,201,Hg,5.4581,5.456041,0.002343792,4
80,122,202,Hg,5.4648,5.4633536,0.0012548635,4
80,123,203,Hg,5.4679,5.466886,0.0013884781,4
80,124,204,Hg,5.4744,5.47441,0.0017767686,4
80,125,205,Hg,5.4776,5.4773197,0.0014986737,4
80,126,206,Hg,5.4837,5.4835525,0.000779627,4
81,107,188,Tl,5.4017,5.4153857,0.0030122285,4
81,109,190,Tl,5.4121,5.417274,0.0010815959,4
81,110,191,Tl,5.4169,5.416968,0.0017297398,4
81,111,192,Tl,5.4191,5.414671,0.001989566,4
81,112,193,Tl,5.4243,5.424259,0.0008143624,4
81,113,194,Tl,5.4259,5.424545,0.001939463,4
81,114,195,Tl,5.4325,5.4293647,0.00070133625,4
81,115,196,Tl,5.4327,5.433495,0.0020071515,4
81,116,197,Tl,5.4388,5.4390626,0.0024049615,4
81,117,198,Tl,5.4396,5.4401746,0.0017028617,4
81,118,199,Tl,5.4479,5.4462886,0.0020334397,4
81,119,200,Tl,5.4491,5.44857,0.0020283156,4
81,120,201,Tl,5.4573,5.4552135,0.0018046716,4
81,121,202,Tl,5.4595,5.459198,0.0017465779,4
81,122,203,Tl,5.4666,5.465102,0.0021090938,4
81,123,204,Tl,5.4704,5.4669943,0.0011706793,4
81,124,205,Tl,5.4759,5.4759283,0.000254669,4
81,126,207,Tl,5.4853,5.4865413,0.00071825366,4
81,127,208,Tl,5.4946,5.4981565,0.0020063135,4
82,100,182,Pb,5.3788,5.385817,0.003566709,4
82,101,183,Pb,5.3869,5.401929,0.0011649096,4
82,102,184,Pb,5.393,5.398825,0.0025252101,4
82,103,185,Pb,5.3984,5.4109564,0.0015036942,4
82,104,186,Pb,5.4027,5.411163,0.002805446,4
82,105,187,Pb,5.4079,5.415587,0.0012773513,4
82,106,188,Pb,5.4139,5.4206953,0.0022132224,4
82,107,189,Pb,5.4177,5.419646,0.00061349897,4
82,108,190,Pb,5.4222,5.4241624,0.0032244206,4
82,109,191,Pb,5.4229,5.4252095,0.00342149,4
82,110,192,Pb,5.43,5.427112,0.0023784954,4
82,111,193,Pb,5.431,5.42665,0.002049157,4
82,112,194,Pb,5.4372,5.432213,0.0022608668,4
82,113,195,Pb,5.4389,5.4379845,0.0018319275,4
82,114,196,Pb,5.4444,5.437919,0.0027288906,4
82,115,197,Pb,5.4446,5.441464,0.0030151147,4
82,116,198,Pb,5.4524,5.446543,0.0028339582,4
82,117,199,Pb,5.4529,5.4471016,0.0027353307,4
82,118,200,Pb,5.4611,5.4560523,0.0019462553,4
82,119,201,Pb,5.4629,5.4591312,0.0011649018,4
82,120,202,Pb,5.4705,5.4631186,0.0029279285,4
82,121,203,Pb,5.4727,5.4683433,0.0020600234,4
82,122,204,Pb,5.4803,5.4763246,0.0034784477,4
82,123,205,Pb,5.4828,5.48111,0.0012261386,4
82,124,206,Pb,5.4902,5.4832406,0.002621239,4
82,125,207,Pb,5.4943,5.4851236,0.0019265348,4
82,126,208,Pb,5.5012,5.4917965,0.0020752235,4
82,127,209,Pb,5.51,5.5046616,0.0016311526,4
82,128,210,Pb,5.5208,5.0782585,0.04310101,4
82,129,211,Pb,5.529,5.521337,0.0034353393,4
82,130,212,Pb,5.5396,5.533547,0.002585079,4
82,132,214,Pb,5.5577,5.5571938,0.0030853886,4
83,119,202,Bi,5.484,5.4855323,0.0011498545,4
83,120,203,Bi,5.4911,5.4896345,0.0016284243,4
83,121,204,Bi,5.4934,5.492269,0.00073429686,4
83,122,205,Bi,5.5008,5.500655,0.0018062032,4
83,123,206,Bi,5.5034,5.5039296,0.00049795833,4
83,124,207,Bi,5.5103,5.5091023,0.0007245354,4
83,125,208,Bi,5.5147,5.5136294,0.0017646006,4
83,126,209,Bi,5.5211,5.518941,0.00067335845,4
83,127,210,Bi,5.53,5.5318985,0.000607008,4
83,129,212,Bi,5.5489,5.551955,0.001648161,4
83,130,213,Bi,5.5586,5.5647917,0.0030445184,4
84,108,192,Po,5.522,5.4974675,0.0033297876,4
84,110,194,Po,5.5167,5.5047603,0.0015047451,4
84,112,196,Po,5.5136,5.5081425,0.0014247164,4
84,114,198,Po,5.5146,5.518593,0.0017245562,4
84,116,200,Po,5.5199,5.5279317,0.0016218679,4
84,118,202,Po,5.5281,5.532157,0.0021191563,4
84,120,204,Po,5.5378,5.5411325,0.0021275154,4
84,121,205,Po,5.5389,5.545535,0.001773733,4
84,122,206,Po,5.548,5.5533056,0.0029184099,4
84,123,207,Po,5.5501,5.55536,0.002671568,4
84,124,208,Po,5.5584,5.5615335,0.0025318777,4
84,125,209,Po,5.5628,5.564768,0.0018524808,4
84,126,210,Po,5.5704,5.5706396,0.0018822136,4
84,132,216,Po,5.6359,5.6323586,0.0024792256,4
84,134,218,Po,5.6558,5.6492443,0.00054544566,4
86,116,202,Rn,5.5521,5.5453415,0.0013022939,4
86,118,204,Rn,5.5568,5.553439,0.0012908368,4
86,119,205,Rn,5.5569,5.5562787,0.0024071757,4
86,120,206,Rn,5.564,5.5650463,0.0014105208,4
86,121,207,Rn,5.5652,5.5669394,0.0020773166,4
86,122,208,Rn,5.5725,5.574265,0.0015099788,4
86,123,209,Rn,5.5743,5.5769777,0.0013992228,4
86,124,210,Rn,5.5813,5.582916,0.001346804,4
86,125,211,Rn,5.585,5.586643,0.0013259946,4
86,126,212,Rn,5.5915,5.592075,0.0007172158,4
86,132,218,Rn,5.654,5.6558313,0.0011237897,4
86,133,219,Rn,5.6648,5.661956,0.0015547466,4
86,134,220,Rn,5.6731,5.6724854,0.0016195456,4
86,135,221,Rn,5.6834,5.6833572,0.0005251282,4
86,136,222,Rn,5.6915,5.688493,0.0012993995,4
87,120,207,Fr,5.572,5.569466,0.00076539174,4
87,121,208,Fr,5.5729,5.572752,0.00086811575,4
87,122,209,Fr,5.5799,5.5792837,0.0012900966,4
87,123,210,Fr,5.5818,5.582943,0.0012215433,4
87,124,211,Fr,5.5882,5.588941,0.0017471779,4
87,125,212,Fr,5.5915,5.592369,0.0014519759,4
87,126,213,Fr,5.5977,5.5990424,0.0017241174,4
87,133,220,Fr,5.6688,5.671854,0.002432256,4
87,134,221,Fr,5.679,5.6803703,0.0014799478,4
87,135,222,Fr,5.689,5.6881065,0.0018609773,4
87,136,223,Fr,5.6951,5.6958466,0.0013371352,4
87,137,224,Fr,5.7061,5.7043767,0.0019913402,4
87,138,225,Fr,5.7112,5.711274,0.0008135732,4
87,139,226,Fr,5.719,5.7202272,0.0012693753,4
87,140,227,Fr,5.7335,5.728503,0.0018615405,4
87,141,228,Fr,5.7399,5.738035,0.0021057338,4
88,120,208,Ra,5.585,5.578008,0.0029799032,4
88,121,209,Ra,5.5853,5.5823383,0.0019898452,4
88,122,210,Ra,5.5917,5.588946,0.0019034487,4
88,123,211,Ra,5.5929,5.5923533,0.0013083867,4
88,124,212,Ra,5.5991,5.5992403,0.0026890885,4
88,125,213,Ra,5.602,5.602231,0.0023275441,4
88,126,214,Ra,5.6079,5.6091094,0.0004246738,4
88,132,220,Ra,5.6683,5.6713195,0.0031935296,4
88,133,221,Ra,5.6795,5.680908,0.0023292743,4
88,134,222,Ra,5.6874,5.6883497,0.0014872928,4
88,135,223,Ra,5.6973,5.6983404,0.0010533348,4
88,136,224,Ra,5.7046,5.704447,0.0016146776,4
88,137,225,Ra,5.715,5.714562,0.0018311815,4
88,138,226,Ra,5.7211,5.720494,0.001986466,4
88,139,227,Ra,5.7283,5.727747,0.0013001919,4
88,140,228,Ra,5.737,5.7413344,0.001569599,4
88,141,229,Ra,5.7455,5.750248,0.000817915,4
88,142,230,Ra,5.7551,5.7577925,0.0010834055,4
88,144,232,Ra,5.7714,5.769005,0.0030497003,4
90,137,227,Th,5.7404,5.7426453,0.0010738041,4
90,138,228,Th,5.7488,5.7483463,0.0013634664,4
90,139,229,Th,5.7557,5.755737,0.0017458749,4
90,140,230,Th,5.767,5.767656,0.00014237264,4
90,142,232,Th,5.7848,5.7849402,0.0010329564,4
92,141,233,U,5.8203,5.821622,0.0010524121,4
92,142,234,U,5.8291,5.8270707,0.0010953287,4
92,143,235,U,5.8337,5.2423697,0.05208949,4
92,144,236,U,5.8431,5.842967,0.0010813301,4
92,146,238,U,5.8571,5.8593035,0.0011006652,4
94,144,238,Pu,5.8535,5.8551207,0.0016299562,4
94,145,239,Pu,5.8601,5.289839,0.0490174,4
94,146,240,Pu,5.8701,5.866514,0.0016365469,4
94,147,241,Pu,5.8748,5.276572,0.05003605,4
94,148,242,Pu,5.8823,5.884053,0.0012485316,4
94,150,244,Pu,5.8948,5.8952374,0.0019891863,4
95,146,241,Am,5.8928,5.8927054,0.0014206541,4
95,148,243,Am,5.9048,5.9076385,0.0014368513,4
96,146,242,Cm,5.8285,5.829705,0.0013173805,4
96,148,244,Cm,5.8429,5.8431306,0.0005410937,4
96,149,245,Cm,5.8475,5.235462,0.06482824,4
96,150,246,Cm,5.8562,5.853985,0.002212031,4
96,152,248,Cm,5.8687,5.2328606,0.05514108,4
